   55 2045    0
                   1.1136306E+01  -6.9577235E+00   6.2200331E-02
                   9.2163184E+00  -4.8866084E+00  -1.4189008E-01
                   9.7907611E+00  -2.3127941E+00  -6.1621130E-01
                   7.6232283E+00  -8.6151096E-01  -6.9180034E-01
                   5.4027474E+00   3.1938127E+00  -1.2398209E+00
                   3.6641503E+00   7.0261543E+00  -1.9541373E+00
                   1.2264170E+00   6.0963789E+00  -1.5610743E+00
                   7.5268183E+00   1.7122939E+00  -1.1339962E+00
                  -1.0734003E+00   7.7158438E+00  -1.9295709E+00
                   1.1225142E+00   3.5263496E+00  -9.0155992E-01
                  -1.0657412E+00  -1.8888000E-01   8.5210579E-01
                  -3.6943576E+00   4.1390857E-01   1.9764928E+00
                  -4.0496185E+00  -9.6321223E-02   4.8186406E+00
                  -2.0881000E+00   1.1244663E+00   6.3360906E+00
                  -8.2296981E+00   2.7590188E-01   8.1431127E-01
                  -9.8378455E+00  -4.1953807E-01  -1.4590291E+00
                   5.7787726E+00   5.6410116E+00  -1.8010695E+00
                  -1.1453516E+01  -4.0440533E+00  -3.9969311E+00
                  -7.2696587E+00  -4.3425771E+00  -1.8520921E+00
                  -5.7881249E+00  -3.4657253E+00   4.4203525E-01
                  -3.1860572E+00   3.1842544E+00   1.1695798E+00
                  -1.1432502E+00   2.2488665E+00  -4.8770993E-01
                  -4.8751529E-01   2.1676159E+00   7.4907132E+00
                  -5.6974520E+00  -7.1617213E-01   4.1746882E-01
                  -9.9058397E+00  -3.2541270E+00  -1.7632750E+00
                   3.1861139E+00   2.0618385E+00  -7.6172020E-01
                   5.0437769E+00  -2.8136319E+00  -1.6267706E-01
                   6.7729102E+00  -5.4441078E+00   1.3778937E-01
                   1.1682367E+01  -1.5663277E+00  -8.8455239E-01
                   3.9324669E+00   9.0065909E+00  -2.4492455E+00
                   9.1746480E+00   2.6345010E+00  -1.4835955E+00
                   4.2525449E-01  -2.6633987E-01   2.2901873E+00
                  -8.7485810E-01  -1.8329397E+00  -3.8755445E-01
                  -5.8958903E+00   5.9529581E-01   5.4592578E+00
                  -3.9929022E+00  -2.1353356E+00   5.1909167E+00
                  -8.1787020E+00   2.3375929E+00   9.4281264E-01
                  -9.1424263E+00  -4.2897725E-01   2.5604181E+00
                  -1.1793721E+01   2.2105448E-01  -1.2700565E+00
                  -9.0120447E+00   3.4014312E-01  -3.1919078E+00
                  -7.4586049E+00  -6.3986009E+00  -1.9314606E+00
                  -6.3985045E+00  -3.6490363E+00  -3.5887503E+00
                  -3.8813819E+00  -4.2442679E+00   2.9463663E-01
                  -6.6479389E+00  -4.2537524E+00   2.1786934E+00
                  -4.7072980E+00   4.1820109E+00   1.8692225E-01
                  -2.5038794E+00   4.3426640E+00   2.7493907E+00
                  -1.0759986E+01  -3.9741240E+00  -1.6834624E-01
                  -1.3356479E+01  -3.2825183E+00  -3.7909510E+00
                  -1.0561575E+01  -3.2919310E+00  -5.6939050E+00
                  -1.1510181E+01  -6.1019649E+00  -4.0725201E+00
                  -5.4052021E-01   9.5035322E+00  -2.8158523E+00
                  -2.4396608E+00   6.7747433E+00  -3.1692311E+00
                  -2.0239381E+00   8.1674770E+00  -1.4755925E-01
                   1.2234239E+01  -7.1277838E+00  -1.6839065E+00
                   1.2460999E+01  -6.5929894E+00   1.6079962E+00
                   1.0178238E+01  -8.7491951E+00   4.1935854E-01
   3.1661000E-02   9.1520941E+00  -6.9577235E+00   3.4989581E+00
   4.5192000E-02   1.2563987E+01  -1.0083907E+01   2.0464126E+00
   4.5415000E-02   1.3390629E+01  -1.0223673E+01   6.2200331E-02
   4.7080000E-02   1.4650171E+01  -8.8019411E+00   6.2200331E-02
   3.4270000E-02   9.2163184E+00  -4.8866084E+00   3.8265345E+00
   3.7522000E-02   1.0208425E+01  -3.1682296E+00   3.2948677E+00
   3.3830000E-02   8.2242122E+00  -3.1682296E+00   3.2948677E+00
   3.0906000E-02   8.2242122E+00  -6.6049854E+00  -3.5786459E+00
   4.0284000E-02   9.2163184E+00  -4.8866084E+00  -4.1103147E+00
   3.2399000E-02   9.7907611E+00  -2.3127941E+00   3.3522133E+00
   4.2658000E-02   1.1774973E+01  -2.3127941E+00   2.8205464E+00
   3.7978000E-02   1.0782867E+01  -5.9441520E-01   2.8205464E+00
   6.2559000E-02   1.1218441E+01   8.1339098E-01   1.3680010E+00
   4.9745000E-02   1.1774973E+01  -2.3127941E+00  -4.0529671E+00
   5.6027000E-02   1.0782867E+01  -5.9441520E-01  -4.0529671E+00
   3.6196000E-02   8.7986549E+00  -4.0311710E+00  -4.0529671E+00
   4.3986000E-02   1.0782867E+01  -4.0311710E+00  -4.0529671E+00
   3.7617000E-02   9.7907611E+00  -2.3127941E+00  -4.5846359E+00
   3.8306000E-02   7.6232283E+00  -8.6151096E-01   3.2766242E+00
   4.3920000E-02   8.6153345E+00   8.5686601E-01   2.7449574E+00
   4.8646000E-02   6.6311222E+00   8.5686601E-01   2.7449574E+00
   4.7337000E-02   7.6232283E+00  -8.6151096E-01  -4.6602249E+00
   5.5129000E-02   5.4027474E+00   3.1938127E+00   2.7286037E+00
   5.1463000E-02   6.3948535E+00   4.9121896E+00   2.1969369E+00
   6.1764000E-02   4.4106412E+00   4.9121896E+00   2.1969369E+00
   6.7200000E-02   3.4185351E+00   3.1938127E+00  -4.6765767E+00
   6.0497000E-02   4.4106412E+00   1.4754338E+00  -4.6765767E+00
   5.8636000E-02   5.4027474E+00   3.1938127E+00  -5.2082455E+00
   5.7383000E-02   3.6641503E+00   7.0261543E+00   2.0142873E+00
   5.7421000E-02   4.6562565E+00   8.7445332E+00   1.4826204E+00
   6.4356000E-02   2.6720442E+00   8.7445332E+00   1.4826204E+00
   7.7244000E-02   2.6720442E+00   8.7445332E+00  -5.3908931E+00
   6.0669000E-02   2.6720442E+00   5.3077754E+00  -5.3908931E+00
   6.2992000E-02   3.6641503E+00   7.0261543E+00  -5.9225619E+00
   7.0620000E-02   1.2264170E+00   6.0963789E+00   2.4073503E+00
   6.0460000E-02   2.2185232E+00   7.8147558E+00   1.8756834E+00
   6.7676000E-02   2.3431090E-01   4.3780000E+00  -4.9978301E+00
   6.2110000E-02   2.2185232E+00   4.3780000E+00  -4.9978301E+00
   6.4123000E-02   1.2264170E+00   6.0963789E+00  -5.5294989E+00
   4.4848000E-02   7.5268183E+00   1.7122939E+00   2.8344284E+00
   4.9430000E-02   9.5110306E+00   1.7122939E+00   2.3027615E+00
   4.7613000E-02   8.5189244E+00   3.4306728E+00   2.3027615E+00
   5.4613000E-02   8.9544987E+00   4.8384771E+00   8.5021607E-01
   6.5567000E-02   9.5110306E+00   1.7122939E+00  -4.5707521E+00
   5.8416000E-02   8.5189244E+00   3.4306728E+00  -4.5707521E+00
   5.2203000E-02   6.5347122E+00  -6.0849177E-03  -4.5707521E+00
   5.0895000E-02   8.5189244E+00  -6.0849177E-03  -4.5707521E+00
   5.1654000E-02   7.5268183E+00   1.7122939E+00  -5.1024208E+00
   7.5571000E-02   3.5428016E-01   1.0842027E+01   5.4641427E-02
   8.1581000E-02  -4.0438095E+00   1.0347397E+01  -1.9295709E+00
   9.1824000E-02  -4.9265100E+00   8.6655502E+00  -1.9295709E+00
   7.4545000E-02   9.1081202E-01   7.7158438E+00  -5.3663267E+00
   7.1687000E-02  -8.1294122E-02   5.9974649E+00  -5.3663267E+00
   7.5486000E-02  -1.0734003E+00   7.7158438E+00  -5.8979954E+00
   8.2715000E-02   1.1225142E+00   3.5263496E+00   3.0668647E+00
   6.8077000E-02   2.1146204E+00   5.2447285E+00   2.5351978E+00
   7.0924000E-02  -8.6169804E-01   3.5263496E+00  -4.3383158E+00
   6.5305000E-02   1.3040810E-01   1.8079708E+00  -4.3383158E+00
   6.6299000E-02   1.1225142E+00   3.5263496E+00  -4.8699845E+00
   1.3594200E-01  -1.5548420E+00  -3.5906551E+00   2.8363181E+00
   1.1748900E-01  -5.0417247E+00  -1.8147001E+00   8.2553984E+00
   7.6078000E-02  -4.0723123E+00   1.1244663E+00   9.7728483E+00
   7.5685000E-02  -3.0802061E+00  -5.9391064E-01   9.7728483E+00
   7.7932000E-02  -4.3386956E+00   3.7217945E+00   8.3203029E+00
   1.0675700E-01  -5.3856435E+00   2.0927128E+00   8.3203029E+00
   1.0037300E-01  -2.5772007E+00  -2.2773088E+00   8.3203029E+00
   6.9894000E-02  -6.6041955E-01  -2.0017168E+00   8.3203029E+00
   8.6834000E-02  -3.4953222E+00   4.8350076E+00   6.3360906E+00
   1.1640100E-01  -5.0585073E+00   3.7560194E+00   6.3360906E+00
   8.2168000E-02   1.6622219E-01  -2.1414828E+00   6.3360906E+00
   4.8518000E-02   5.7787726E+00   5.6410116E+00   2.1673551E+00
   3.8428000E-02   7.7629849E+00   5.6410116E+00   1.6356882E+00
   3.3380000E-02   6.7708788E+00   7.3593905E+00   1.6356882E+00
   4.3358000E-02   9.2155285E+00   5.6410116E+00   1.8314279E-01
   2.0663000E-02   8.6699551E+00   7.4990639E+00   1.8314279E-01
   3.2396000E-02   7.2064530E+00   8.7671966E+00   1.8314279E-01
   1.6662000E-02   9.2926368E+00   7.4852311E+00  -1.8010695E+00
   2.5800000E-02   8.0330948E+00   8.9069608E+00  -1.8010695E+00
   3.3391000E-02   9.2155285E+00   5.6410116E+00  -3.7852818E+00
   1.7864000E-02   8.6699551E+00   7.4990639E+00  -3.7852818E+00
   3.7944000E-02   7.2064530E+00   8.7671966E+00  -3.7852818E+00
   2.8692000E-02   7.7629849E+00   5.6410116E+00  -5.2378253E+00
   3.3897000E-02   6.7708788E+00   7.3593905E+00  -5.2378253E+00
   5.6791000E-02   4.7866665E+00   3.9226346E+00  -5.2378253E+00
   4.5519000E-02   6.7708788E+00   3.9226346E+00  -5.2378253E+00
   4.0561000E-02   5.7787726E+00   5.6410116E+00  -5.7694941E+00
   1.6864500E-01  -8.5623314E+00  -5.9021037E+00  -5.9811434E+00
   1.5005000E-01  -1.3437728E+01  -4.0440533E+00  -7.4336869E+00
   1.4985900E-01  -1.2445622E+01  -5.7624322E+00  -7.4336869E+00
   1.5058300E-01  -4.3784743E+00  -6.2006275E+00  -3.8363044E+00
   1.7713200E-01  -8.2617649E+00  -6.0609541E+00  -5.2888479E+00
   1.4217400E-01  -4.3604445E+00  -6.5919085E+00   2.4262475E+00
   1.5877700E-01  -5.3097842E+00  -7.4052144E+00   4.4203525E-01
   1.2174900E-01  -5.4366529E+00   5.7815808E+00   3.1537920E+00
   1.4643900E-01  -6.4836007E+00   4.1525009E+00   3.1537920E+00
   6.9442000E-02  -3.1274625E+00   2.2488665E+00  -3.9244658E+00
   6.7289000E-02  -2.1353564E+00   5.3048766E-01  -3.9244658E+00
   6.3567000E-02  -1.5114406E-01   5.3048766E-01  -3.9244658E+00
   6.2040000E-02  -1.1432502E+00   2.2488665E+00  -4.4561345E+00
   2.6972000E-02  -4.8751529E-01   2.1676159E+00   1.1459138E+01
   1.6901000E-02   1.4966970E+00   2.1676159E+00   1.0927471E+01
   1.7727000E-02   5.0459085E-01   3.8859947E+00   1.0927471E+01
   3.0551000E-02  -1.4796214E+00   3.8859947E+00   1.0927471E+01
   4.2644000E-02  -2.4717276E+00   2.1676159E+00   1.0927471E+01
   4.1853000E-02  -1.4796214E+00   4.4923700E-01   1.0927471E+01
   2.8748000E-02   5.0459085E-01   4.4923700E-01   1.0927471E+01
   1.4468000E-02   2.9492424E+00   2.1676159E+00   9.4749255E+00
   1.2143000E-02   2.4036691E+00   4.0256663E+00   9.4749255E+00
   1.8196000E-02   9.4016514E-01   5.2937990E+00   9.4749255E+00
   3.0386000E-02  -9.7661606E-01   5.5693910E+00   9.4749255E+00
   4.4765000E-02  -2.7381109E+00   4.7649441E+00   9.4749255E+00
   6.0739000E-02  -3.7850588E+00   3.1358623E+00   9.4749255E+00
   5.5697000E-02  -9.7661606E-01  -1.2341593E+00   9.4749255E+00
   3.7612000E-02   9.4016514E-01  -9.5856729E-01   9.4749255E+00
   2.3759000E-02   2.4036691E+00   3.0956546E-01   9.4749255E+00
   2.0935000E-02   3.4809093E+00   2.1676159E+00   7.4907132E+00
   1.9088000E-02   3.0263508E+00   4.0118354E+00   7.4907132E+00
   2.4143000E-02   1.7668069E+00   5.4335650E+00   7.4907132E+00
   3.5409000E-02  -9.1746197E-03   6.1071068E+00   7.4907132E+00
   5.0291000E-02  -1.8947375E+00   5.8781571E+00   7.4907132E+00
   6.8802000E-02  -3.4579227E+00   4.7991689E+00   7.4907132E+00
   4.2842000E-02   1.7668069E+00  -1.0983333E+00   7.4907132E+00
   2.8775000E-02   3.0263508E+00   3.2339637E-01   7.4907132E+00
   3.5762000E-02   2.9492424E+00   2.1676159E+00   5.5065009E+00
   3.6329000E-02   2.4036691E+00   4.0256663E+00   5.5065009E+00
   4.6312000E-02   9.4016514E-01   5.2937990E+00   5.5065009E+00
   6.6694000E-02  -9.7661606E-01   5.5693910E+00   5.5065009E+00
   4.6579000E-02   2.4036691E+00   3.0956546E-01   5.5065009E+00
   6.5311000E-02   1.4966970E+00   2.1676159E+00   4.0539574E+00
   7.3419000E-02   5.0459085E-01   3.8859947E+00   4.0539574E+00
   9.5269000E-02  -3.7132398E+00  -7.1617213E-01  -3.0192870E+00
   8.9235000E-02  -4.7053459E+00   1.0022067E+00  -3.0192870E+00
   4.8942000E-02   3.1861139E+00   2.0618385E+00   3.2067044E+00
   4.9828000E-02   5.1703262E+00   2.0618385E+00   2.6750375E+00
   5.5811000E-02   4.1782201E+00   3.7802173E+00   2.6750375E+00
   6.2853000E-02   9.3551641E-01  -5.3548976E-01  -2.7459325E+00
   4.9962000E-02   2.1940078E+00   3.4345959E-01  -4.1984760E+00
   5.1618000E-02   4.1782201E+00   3.4345959E-01  -4.1984760E+00
   5.9667000E-02   3.1861139E+00   2.0618385E+00  -4.7301448E+00
   3.2378000E-02   5.0437769E+00  -2.8136319E+00   4.4671516E+00
   3.1271000E-02   7.0525840E+00  -2.8136319E+00   4.0086550E+00
   3.4769000E-02   6.0481795E+00  -1.0739540E+00   4.0086550E+00
   4.0723000E-02   4.0393724E+00  -1.0739540E+00   4.0086550E+00
   5.0062000E-02   3.0349699E+00  -2.8136319E+00   4.0086550E+00
   3.7189000E-02   4.0393724E+00  -4.5533099E+00   4.0086550E+00
   2.1032000E-02   6.0481795E+00  -4.5533099E+00   4.0086550E+00
   7.5155000E-02   1.5706552E+00  -3.8334320E+00   2.7239758E+00
   5.4372000E-02   2.6733481E+00  -5.5492522E+00   2.7239758E+00
   8.7610000E-02   9.7702991E-01  -4.7720740E+00   8.6755808E-01
   6.0396000E-02   2.2295006E+00  -6.3426234E+00   8.6755808E-01
   8.3825000E-02   9.7702991E-01  -4.7720740E+00  -1.1929103E+00
   5.8819000E-02   2.2295006E+00  -6.3426234E+00  -1.1929103E+00
   5.7540000E-02   1.5706552E+00  -1.7938318E+00  -3.0493280E+00
   6.3111000E-02   1.5706552E+00  -3.8334320E+00  -3.0493280E+00
   5.0079000E-02   2.6733481E+00  -5.5492522E+00  -3.0493280E+00
   2.4888000E-02   4.5286338E+00  -6.3965335E+00  -3.0493280E+00
   4.0056000E-02   7.0525840E+00  -2.8136319E+00  -4.3340072E+00
   4.9933000E-02   6.0481795E+00  -1.0739540E+00  -4.3340072E+00
   4.5164000E-02   4.0393724E+00  -1.0739540E+00  -4.3340072E+00
   4.4375000E-02   3.0349699E+00  -2.8136319E+00  -4.3340072E+00
   3.8121000E-02   4.0393724E+00  -4.5533099E+00  -4.3340072E+00
   3.3725000E-02   6.0481795E+00  -4.5533099E+00  -4.3340072E+00
   3.9297000E-02   5.0437769E+00  -2.8136319E+00  -4.7925057E+00
   1.4912000E-02   6.7729102E+00  -5.4441078E+00   4.1062139E+00
   2.8542000E-02   7.7650164E+00  -3.7257290E+00   3.5745471E+00
   7.0720000E-03   5.7808041E+00  -7.1624867E+00   3.5745471E+00
   1.3499000E-02   7.7650164E+00  -7.1624867E+00   3.5745471E+00
   7.3870000E-03   4.5223127E+00  -8.0414341E+00   2.1220017E+00
   3.3120000E-03   6.2838076E+00  -8.8458829E+00   2.1220017E+00
   1.4932000E-02   3.8025010E+00  -8.0756609E+00   1.3778937E-01
   1.8360000E-03   5.3656861E+00  -9.1546491E+00   1.3778937E-01
   1.2347000E-02   4.5223127E+00  -8.0414341E+00  -1.8464229E+00
   7.6520000E-03   6.2838076E+00  -8.8458829E+00  -1.8464229E+00
   1.5597000E-02   5.7808041E+00  -7.1624867E+00  -3.2989665E+00
   2.2954000E-02   7.7650164E+00  -7.1624867E+00  -3.2989665E+00
   2.6866000E-02   6.7729102E+00  -5.4441078E+00  -3.8306352E+00
   5.7431000E-02   1.3548434E+01  -1.5663277E+00   1.6838668E+00
   5.7341000E-02   1.2259013E+01   2.0840654E-01   1.6838668E+00
   6.4631000E-02   1.4701724E+01  -1.5663277E+00   9.6496968E-02
   6.8625000E-02   1.3995330E+01   3.7447755E-01   9.6496968E-02
   8.1371000E-02   1.2206674E+01   1.4071580E+00   9.6496968E-02
   6.4283000E-02   1.3995330E+01  -3.5071330E+00   9.6496968E-02
   6.6295000E-02   1.4701724E+01  -1.5663277E+00  -1.8655999E+00
   7.2169000E-02   1.3995330E+01   3.7447755E-01  -1.8655999E+00
   9.2654000E-02   1.2206674E+01   1.4071580E+00  -1.8655999E+00
   6.4080000E-02   1.3995330E+01  -3.5071330E+00  -1.8655999E+00
   6.2755000E-02   1.3548434E+01  -1.5663277E+00  -3.4529697E+00
   7.1251000E-02   1.2259013E+01   2.0840654E-01  -3.4529697E+00
   5.2767000E-02   1.1682367E+01  -1.5663277E+00  -4.0592921E+00
   6.8645000E-02   4.5091130E+00   1.0781323E+01   1.1917368E-01
   6.2857000E-02   6.2454291E+00   1.0947396E+01  -1.4681962E+00
   7.3332000E-02   4.4567732E+00   1.1980077E+01  -1.4681962E+00
   8.2212000E-02   2.4227893E+00   1.1621431E+01  -1.4681962E+00
   6.4933000E-02   6.2454291E+00   1.0947396E+01  -3.4302930E+00
   7.5156000E-02   4.4567732E+00   1.1980077E+01  -3.4302930E+00
   8.5120000E-02   2.4227893E+00   1.1621431E+01  -3.4302930E+00
   5.9723000E-02   5.7985316E+00   9.0065909E+00  -5.0176628E+00
   7.2747000E-02   4.5091130E+00   1.0781323E+01  -5.0176628E+00
   8.2253000E-02   2.4227893E+00   1.0103437E+01  -5.0176628E+00
   7.1142000E-02   3.9324669E+00   9.0065909E+00  -5.6239852E+00
   7.4043000E-02   1.1040713E+01   2.6345010E+00   1.0848237E+00
   6.2481000E-02   9.7512941E+00   4.4092353E+00   1.0848237E+00
   8.7615000E-02   1.2194005E+01   2.6345010E+00  -5.0254617E-01
   7.7674000E-02   1.1487610E+01   4.5753063E+00  -5.0254617E-01
   5.1721000E-02   9.6989544E+00   5.6079867E+00  -5.0254617E-01
   8.8813000E-02   1.2194005E+01   2.6345010E+00  -2.4646430E+00
   7.8678000E-02   1.1487610E+01   4.5753063E+00  -2.4646430E+00
   4.6589000E-02   9.6989544E+00   5.6079867E+00  -2.4646430E+00
   7.9855000E-02   1.1040713E+01   2.6345010E+00  -4.0520128E+00
   6.3981000E-02   9.7512941E+00   4.4092353E+00  -4.0520128E+00
   6.4864000E-02   9.1746480E+00   2.6345010E+00  -4.6583352E+00
   6.0389000E-02   2.2913192E+00  -2.6633987E-01   4.8586065E+00
   8.4696000E-02   1.0019006E+00  -2.0410723E+00   4.8586065E+00
   5.5286000E-02   2.7382148E+00   1.6744654E+00   3.2712366E+00
   8.5201000E-02   9.4955896E-01   2.7071459E+00   3.2712366E+00
   8.8770000E-02   9.4955896E-01  -3.2398256E+00   3.2712366E+00
   1.1406500E-01  -3.5055173E-01  -4.8064255E+00   5.9349490E-01
   1.0955400E-01  -3.5055173E-01  -4.8064255E+00  -1.3686019E+00
   6.9105000E-02   9.9120663E-01  -1.8329397E+00  -2.9559718E+00
   8.9131000E-02  -2.3845356E+00  -7.3609363E-01  -2.9559718E+00
   1.2601500E-01  -2.3845356E+00  -2.9297839E+00  -2.9559718E+00
   9.8697000E-02  -2.9821199E-01  -3.6076721E+00  -2.9559718E+00
   9.2425000E-02  -8.7485810E-01  -1.8329397E+00  -3.5622941E+00
   1.1216300E-01  -5.8958903E+00   5.9529581E-01   8.6339974E+00
   1.1727700E-01  -7.4055697E+00   1.6921400E+00   8.0276769E+00
   1.2216400E-01  -7.4055697E+00  -5.0155028E-01   8.0276769E+00
   1.1937000E-01  -5.3715839E+00   3.5687815E+00   6.4403071E+00
   1.2534700E-01  -7.4055697E+00   3.2101342E+00   6.4403071E+00
   1.3463800E-01  -8.7331570E+00   1.6279763E+00   6.4403071E+00
   1.4145400E-01  -8.7331570E+00  -4.3738653E-01   6.4403071E+00
   1.4085400E-01  -7.4055697E+00  -2.0195445E+00   6.4403071E+00
   1.4558600E-01  -7.4055697E+00   3.2101342E+00   4.4782103E+00
   1.1227900E-01  -3.9929022E+00  -2.1353356E+00   8.3656563E+00
   1.2073600E-01  -5.5025797E+00  -3.2321798E+00   7.7593359E+00
   1.1093400E-01  -3.4162561E+00  -3.9100679E+00   7.7593359E+00
   1.4194200E-01  -6.8301689E+00  -3.1680160E+00   6.1719660E+00
   1.3431000E-01  -5.5025797E+00  -4.7501740E+00   6.1719660E+00
   1.2196000E-01  -3.4685958E+00  -5.1088213E+00   6.1719660E+00
   1.1070500E-01  -1.6799399E+00  -4.0761408E+00   6.1719660E+00
   1.3884000E-01  -3.4685958E+00  -5.1088213E+00   4.2098692E+00
   1.2581900E-01  -1.6799399E+00  -4.0761408E+00   4.2098692E+00
   1.4318700E-01  -7.6020558E+00   4.1123272E+00   3.5112318E+00
   1.4198300E-01  -9.6883795E+00   3.4344390E+00   3.5112318E+00
   1.3993800E-01  -7.6543956E+00   5.3110787E+00   1.9238620E+00
   1.3841800E-01  -9.6883795E+00   4.9524332E+00   1.9238620E+00
   1.4924600E-01  -1.1015969E+01   3.3702734E+00   1.9238620E+00
   1.4384000E-01  -9.6883795E+00   4.9524332E+00  -3.8234826E-02
   1.6276100E-01  -1.1015969E+01   3.3702734E+00  -3.8234826E-02
   1.4929300E-01  -7.6020558E+00   4.1123272E+00  -1.6256047E+00
   1.4962000E-01  -9.1424263E+00  -4.2897725E-01   5.7351577E+00
   1.4205800E-01  -1.0652106E+01   6.6786696E-01   5.1288373E+00
   1.5022800E-01  -1.0652106E+01  -1.5258233E+00   5.1288373E+00
   1.5755900E-01  -8.5657802E+00  -2.2037115E+00   5.1288373E+00
   1.4713800E-01  -1.0652106E+01   2.1858612E+00   3.5414674E+00
   1.5135700E-01  -1.1979695E+01   6.0370320E-01   3.5414674E+00
   1.6530900E-01  -1.1979695E+01  -1.4616596E+00   3.5414674E+00
   1.8099800E-01  -1.0652106E+01  -3.0438176E+00   3.5414674E+00
   1.5862400E-01  -1.3303399E+01   1.3179006E+00   1.2983627E+00
   1.7983000E-01  -1.3303399E+01  -8.7579162E-01   1.2983627E+00
   1.6474900E-01  -1.1269415E+01   3.1945402E+00  -2.8900713E-01
   1.5042700E-01  -1.3303399E+01   2.8358929E+00  -2.8900713E-01
   1.5363400E-01  -1.4630988E+01   1.2537349E+00  -2.8900713E-01
   1.7179400E-01  -1.4630988E+01  -8.1162597E-01  -2.8900713E-01
   1.4891000E-01  -1.3303399E+01   2.8358929E+00  -2.2511040E+00
   1.5454900E-01  -1.4630988E+01   1.2537349E+00  -2.2511040E+00
   1.7942900E-01  -1.4630988E+01  -8.1162597E-01  -2.2511040E+00
   1.5802300E-01  -1.3303399E+01   1.3179006E+00  -3.8384738E+00
   1.6135300E-01  -8.4877402E+00   3.3136289E+00  -2.2108585E+00
   1.3656600E-01  -5.9926877E+00   3.4014312E-01  -4.1729553E+00
   1.3716500E-01  -6.6990843E+00   2.2809465E+00  -4.1729553E+00
   1.4476000E-01  -8.4877402E+00   3.3136289E+00  -4.1729553E+00
   1.5059400E-01  -1.0521724E+01   2.9549815E+00  -4.1729553E+00
   1.5202900E-01  -7.1459799E+00   3.4014312E-01  -5.7603251E+00
   1.4480000E-01  -8.4354004E+00   2.1148755E+00  -5.7603251E+00
   1.5426900E-01  -1.0521724E+01   1.4369873E+00  -5.7603251E+00
   1.6045300E-01  -9.0120447E+00   3.4014312E-01  -6.3666475E+00
   1.8211200E-01  -8.9682824E+00  -7.4954470E+00   6.3695860E-01
   1.5807300E-01  -6.8819588E+00  -8.1733351E+00   6.3695860E-01
   2.0039400E-01  -1.0295872E+01  -7.4312813E+00  -9.5041123E-01
   1.6219300E-01  -8.9682824E+00  -9.0134412E+00  -9.5041123E-01
   1.4758600E-01  -6.9342985E+00  -9.3720866E+00  -9.5041123E-01
   1.4796500E-01  -5.1456426E+00  -8.3394061E+00  -9.5041123E-01
   1.6236400E-01  -8.9682824E+00  -9.0134412E+00  -2.9125081E+00
   1.4557700E-01  -6.9342985E+00  -9.3720866E+00  -2.9125081E+00
   1.4341000E-01  -5.1456426E+00  -8.3394061E+00  -2.9125081E+00
   1.4955000E-01  -6.8819588E+00  -8.1733351E+00  -4.4998779E+00
   1.3489200E-01  -3.3791475E+00  -3.6490363E+00  -4.5697977E+00
   1.2923300E-01  -4.0855422E+00  -1.7082310E+00  -4.5697977E+00
   1.4787300E-01  -5.8741981E+00  -6.7555058E-01  -4.5697977E+00
   1.4284600E-01  -4.0855422E+00  -5.5898416E+00  -4.5697977E+00
   1.3794500E-01  -4.5324379E+00  -3.6490363E+00  -6.1571676E+00
   1.4917300E-01  -5.8218584E+00  -1.8743020E+00  -6.1571676E+00
   1.4697700E-01  -5.8218584E+00  -5.4237687E+00  -6.1571676E+00
   1.5344400E-01  -6.3985045E+00  -3.6490363E+00  -6.7634899E+00
   1.3847300E-01  -2.0153153E+00  -4.2442679E+00   2.8630558E+00
   1.3556700E-01  -3.3047358E+00  -6.0190003E+00   2.8630558E+00
   1.3381400E-01  -3.3570755E+00  -7.2177536E+00   1.2756860E+00
   1.2305200E-01  -1.5684197E+00  -6.1850732E+00   1.2756860E+00
   1.4039800E-01  -3.3570755E+00  -7.2177536E+00  -6.8641084E-01
   1.2516700E-01  -1.5684197E+00  -6.1850732E+00  -6.8641084E-01
   1.3497000E-01  -2.0153153E+00  -4.2442679E+00  -2.2737807E+00
   1.4839100E-01  -3.3047358E+00  -6.0190003E+00  -2.2737807E+00
   1.4944100E-01  -6.6479389E+00  -4.2537524E+00   5.3534331E+00
   1.6117300E-01  -8.1576183E+00  -3.1569063E+00   4.7471126E+00
   1.4971600E-01  -8.1576183E+00  -5.3505966E+00   4.7471126E+00
   1.3913500E-01  -6.0712946E+00  -6.0284848E+00   4.7471126E+00
   1.7996500E-01  -9.4852075E+00  -5.2864329E+00   3.1597428E+00
   1.5584600E-01  -8.1576183E+00  -6.8685908E+00   3.1597428E+00
   1.4143100E-01  -6.1236344E+00  -7.2272381E+00   3.1597428E+00
   1.4004600E-01  -4.3349785E+00  -6.1945558E+00   3.1597428E+00
   1.8366800E-01  -8.1576183E+00  -6.8685908E+00   1.1976460E+00
   1.3222600E-01  -6.2169774E+00   5.2788551E+00   2.7553414E+00
   1.1859900E-01  -6.2169774E+00   6.7968493E+00   1.1679716E+00
   1.1729900E-01  -6.2169774E+00   6.7968493E+00  -7.9412522E-01
   1.4167800E-01  -7.5445666E+00   5.2146913E+00  -7.9412522E-01
   1.2385500E-01  -6.2169774E+00   5.2788551E+00  -2.3814951E+00
   1.3261700E-01  -6.2169774E+00   3.0851648E+00  -2.3814951E+00
   1.0927100E-01  -4.7072980E+00   4.1820109E+00  -2.9878174E+00
   8.1922000E-02  -1.9272352E+00   6.1173983E+00   5.3178099E+00
   1.0352900E-01  -4.0135588E+00   5.4395101E+00   5.3178099E+00
   7.8945000E-02   5.1547757E-01   4.3426640E+00   3.7304400E+00
   8.2080000E-02  -1.9091902E-01   6.2834693E+00   3.7304400E+00
   9.3274000E-02  -1.9795749E+00   7.3161516E+00   3.7304400E+00
   1.0415900E-01  -4.0135588E+00   6.9575043E+00   3.7304400E+00
   1.2325400E-01  -5.3411480E+00   5.3753464E+00   3.7304400E+00
   1.9520600E-01  -1.0759986E+01  -3.9741240E+00   3.0063934E+00
   1.9544800E-01  -1.2269666E+01  -2.8772798E+00   2.4000729E+00
   1.8826500E-01  -1.2269666E+01  -5.0709701E+00   2.4000729E+00
   1.9400700E-01  -1.0183340E+01  -5.7488583E+00   2.4000729E+00
   1.9804900E-01  -1.3597255E+01  -2.9414435E+00   8.1270312E-01
   1.9041300E-01  -1.3597255E+01  -5.0068044E+00   8.1270312E-01
   1.9032500E-01  -1.2269666E+01  -6.5889643E+00   8.1270312E-01
   1.9763800E-01  -1.0235682E+01  -6.9476097E+00   8.1270312E-01
   1.8009200E-01  -1.4866157E+01  -2.1856722E+00  -1.2225318E+00
   1.7539100E-01  -1.4866157E+01  -4.3793625E+00  -1.2225318E+00
   1.7054300E-01  -1.4866157E+01  -6.6767799E-01  -2.8099016E+00
   1.5443100E-01  -1.6193746E+01  -2.2498378E+00  -2.8099016E+00
   1.5092100E-01  -1.6193746E+01  -4.3151987E+00  -2.8099016E+00
   1.6020700E-01  -1.4866157E+01  -5.8973567E+00  -2.8099016E+00
   1.7293400E-01  -1.2832173E+01  -3.0903256E-01  -4.7719984E+00
   1.5425300E-01  -1.4866157E+01  -6.6767799E-01  -4.7719984E+00
   1.4518800E-01  -1.6193746E+01  -2.2498378E+00  -4.7719984E+00
   1.4346300E-01  -1.6193746E+01  -4.3151987E+00  -4.7719984E+00
   1.4594500E-01  -1.4866157E+01  -2.1856722E+00  -6.3593683E+00
   1.4802500E-01  -1.4866157E+01  -4.3793625E+00  -6.3593683E+00
   1.6982100E-01  -7.5422177E+00  -3.2919310E+00  -6.6749525E+00
   1.6815400E-01  -8.2486124E+00  -1.3511257E+00  -6.6749525E+00
   1.6463000E-01  -1.0037268E+01  -3.1844529E-01  -6.6749525E+00
   1.5676100E-01  -1.2071252E+01  -6.7709071E-01  -6.6749525E+00
   1.6230900E-01  -8.2486124E+00  -5.2327363E+00  -6.6749525E+00
   1.4858100E-01  -8.6955099E+00  -3.2919310E+00  -8.2623223E+00
   1.4791400E-01  -9.9849285E+00  -1.5171967E+00  -8.2623223E+00
   1.4422000E-01  -1.2071252E+01  -2.1950849E+00  -8.2623223E+00
   1.4539000E-01  -1.2071252E+01  -4.3887771E+00  -8.2623223E+00
   1.4511300E-01  -9.9849285E+00  -5.0666634E+00  -8.2623223E+00
   1.4193400E-01  -1.0561575E+01  -3.2919310E+00  -8.8686447E+00
   1.7639300E-01  -1.3019859E+01  -7.1988110E+00  -1.5041009E+00
   1.8693200E-01  -1.0933535E+01  -7.8766992E+00  -1.5041009E+00
   1.5463300E-01  -1.4347448E+01  -7.1346472E+00  -3.0914708E+00
   1.5143000E-01  -1.3019859E+01  -8.7168052E+00  -3.0914708E+00
   1.5969300E-01  -1.0985875E+01  -9.0754506E+00  -3.0914708E+00
   1.4656500E-01  -1.4347448E+01  -7.1346472E+00  -5.0535676E+00
   1.4273200E-01  -1.3019859E+01  -8.7168052E+00  -5.0535676E+00
   1.4763500E-01  -1.0985875E+01  -9.0754506E+00  -5.0535676E+00
   1.6065100E-01  -9.1972189E+00  -8.0427702E+00  -5.0535676E+00
   1.4440000E-01  -1.3019859E+01  -7.1988110E+00  -6.6409374E+00
   1.4501700E-01  -1.0933535E+01  -7.8766992E+00  -6.6409374E+00
   7.5281000E-02   3.6125892E-02   1.1278265E+01  -2.4743316E-01
   8.6060000E-02   1.7724401E+00   1.1444337E+01  -1.8348030E+00
   7.6465000E-02  -1.6215739E-02   1.2477018E+01  -1.8348030E+00
   7.5600000E-02  -2.0501996E+00   1.2118371E+01  -1.8348030E+00
   8.5909000E-02   1.7724401E+00   1.1444337E+01  -3.7968998E+00
   7.8000000E-02  -1.6215739E-02   1.2477018E+01  -3.7968998E+00
   7.6608000E-02  -2.0501996E+00   1.2118371E+01  -3.7968998E+00
   7.8970000E-02  -3.3777888E+00   1.0536213E+01  -3.7968998E+00
   7.9973000E-02   1.3255445E+00   9.5035322E+00  -5.3842696E+00
   7.7709000E-02   3.6125892E-02   1.1278265E+01  -5.3842696E+00
   7.6488000E-02  -2.0501996E+00   1.0600376E+01  -5.3842696E+00
   7.5519000E-02  -5.4052021E-01   9.5035322E+00  -5.9905920E+00
   9.8552000E-02  -5.2769275E+00   7.8074237E+00  -2.1881818E+00
   8.2123000E-02  -3.9493383E+00   9.3895836E+00  -4.1502786E+00
   9.3892000E-02  -5.2769275E+00   7.8074237E+00  -4.1502786E+00
   1.0608700E-01  -5.2769275E+00   5.7420628E+00  -4.1502786E+00
   9.6936000E-02  -3.9493383E+00   4.1599030E+00  -4.1502786E+00
   7.5214000E-02  -1.9153545E+00   3.8012575E+00  -4.1502786E+00
   7.6725000E-02  -1.8630147E+00   8.5494756E+00  -5.7376484E+00
   8.5040000E-02  -3.9493383E+00   7.8715894E+00  -5.7376484E+00
   9.3230000E-02  -3.9493383E+00   5.6778972E+00  -5.7376484E+00
   8.1435000E-02  -1.8630147E+00   5.0000090E+00  -5.7376484E+00
   8.1102000E-02  -2.4396608E+00   6.7747433E+00  -6.3439708E+00
   9.1390000E-02  -2.0239381E+00   8.1674770E+00   3.0271804E+00
   7.8523000E-02  -1.5787338E-01   8.1674770E+00   2.4208599E+00
   7.8831000E-02  -1.4472920E+00   9.9422094E+00   2.4208599E+00
   9.0717000E-02  -3.5336175E+00   9.2643212E+00   2.4208599E+00
   7.4954000E-02  -1.4996336E+00   1.1140963E+01   8.3349010E-01
   8.1580000E-02  -3.5336175E+00   1.0782315E+01   8.3349010E-01
   9.4226000E-02  -4.8612067E+00   9.2001574E+00   8.3349010E-01
   8.0061000E-02  -3.5336175E+00   1.0782315E+01  -1.1286067E+00
   9.0298000E-02  -4.8612067E+00   9.2001574E+00  -1.1286067E+00
   4.9374000E-02   1.5253596E+01  -7.1277838E+00  -7.0285713E-01
   4.7470000E-02   1.4547201E+01  -9.0685890E+00  -7.0285713E-01
   5.2179000E-02   1.5253596E+01  -7.1277838E+00  -2.6649540E+00
   5.6237000E-02   1.4547201E+01  -5.1869785E+00  -2.6649540E+00
   6.2608000E-02   1.2758545E+01  -4.1542980E+00  -2.6649540E+00
   4.6881000E-02   1.2758545E+01  -1.0101269E+01  -2.6649540E+00
   4.9673000E-02   1.4547201E+01  -9.0685890E+00  -2.6649540E+00
   5.3979000E-02   1.4100304E+01  -7.1277838E+00  -4.2523238E+00
   5.5299000E-02   1.2810885E+01  -5.3530514E+00  -4.2523238E+00
   5.0328000E-02   1.0724560E+01  -6.0309377E+00  -4.2523238E+00
   4.7089000E-02   1.0724560E+01  -8.2246299E+00  -4.2523238E+00
   5.0526000E-02   1.2810885E+01  -8.9025180E+00  -4.2523238E+00
   5.2499000E-02   1.2234239E+01  -7.1277838E+00  -4.8586461E+00
   4.8082000E-02   1.2460999E+01  -6.5929894E+00   4.7827359E+00
   5.1160000E-02   1.4327065E+01  -6.5929894E+00   4.1764154E+00
   5.1442000E-02   1.3037645E+01  -4.8182551E+00   4.1764154E+00
   4.5617000E-02   1.0951321E+01  -5.4961433E+00   4.1764154E+00
   4.2221000E-02   1.0951321E+01  -7.6898336E+00   4.1764154E+00
   4.6737000E-02   1.3037645E+01  -8.3677218E+00   4.1764154E+00
   5.1300000E-02   1.5480356E+01  -6.5929894E+00   2.5890455E+00
   5.4369000E-02   1.4773961E+01  -4.6521841E+00   2.5890455E+00
   5.4891000E-02   1.2985305E+01  -3.6195018E+00   2.5890455E+00
   4.5311000E-02   1.2985305E+01  -9.5664751E+00   2.5890455E+00
   4.8035000E-02   1.4773961E+01  -8.5337947E+00   2.5890455E+00
   4.9882000E-02   1.5480356E+01  -6.5929894E+00   6.2694872E-01
   5.5632000E-02   1.4773961E+01  -4.6521841E+00   6.2694872E-01
   4.7618000E-02   1.4773961E+01  -8.5337947E+00   6.2694872E-01
   3.9587000E-02   1.0178238E+01  -8.7491951E+00   3.5940982E+00
   3.7623000E-02   8.6685586E+00  -9.8460412E+00   2.9877777E+00
   4.3971000E-02   1.0754884E+01  -1.0523929E+01   2.9877777E+00
   2.5341000E-02   7.3409713E+00  -9.7818756E+00   1.4004079E+00
   4.4295000E-02   8.6685586E+00  -1.1364035E+01   1.4004079E+00
   4.6812000E-02   1.0702544E+01  -1.1722681E+01   1.4004079E+00
   4.5314000E-02   1.2491198E+01  -1.0690000E+01   1.4004079E+00
   2.4401000E-02   7.3409713E+00  -9.7818756E+00  -5.6168892E-01
   4.3801000E-02   8.6685586E+00  -1.1364035E+01  -5.6168892E-01
   4.6422000E-02   1.0702544E+01  -1.1722681E+01  -5.6168892E-01
   4.5730000E-02   1.2491198E+01  -1.0690000E+01  -5.6168892E-01
   3.7317000E-02   8.6685586E+00  -9.8460412E+00  -2.1490588E+00
   4.3979000E-02   1.0754884E+01  -1.0523929E+01  -2.1490588E+00
   3.1890000E-02   9.1684951E+00  -6.9577235E+00   4.1484040E+00
   3.8212000E-02   1.0152400E+01  -8.6618973E+00   4.1484040E+00
   4.3021000E-02   1.2609316E+01  -1.0183163E+01   2.8899409E+00
   4.3434000E-02   1.3893148E+01  -1.0414694E+01   1.0714104E+00
   5.3116000E-02   1.5120059E+01  -5.0392491E+00  -9.4700783E-01
   4.4304000E-02   1.3893148E+01  -1.0414694E+01  -9.4700783E-01
   4.2604000E-02   1.0631676E+01  -1.0467504E+01  -2.7655384E+00
   3.3875000E-02   9.2163184E+00  -4.8866084E+00   4.3934523E+00
   3.7459000E-02   1.0200223E+01  -3.1824327E+00   3.9443136E+00
   3.4290000E-02   8.2324117E+00  -6.5907822E+00  -4.2280918E+00
   4.0138000E-02   9.2163184E+00  -4.8866084E+00  -4.6772324E+00
   3.4499000E-02   9.7907611E+00  -2.3127941E+00   3.9191311E+00
   4.1900000E-02   1.1758572E+01  -2.3127941E+00   3.4699923E+00
   3.8611000E-02   1.0774668E+01  -6.0861838E-01   3.4699923E+00
   5.2808000E-02   1.1263770E+01   9.1264695E-01   2.2115293E+00
   4.8296000E-02   1.1758572E+01  -2.3127941E+00  -4.7024130E+00
   5.2965000E-02   1.0774668E+01  -6.0861838E-01  -4.7024130E+00
   3.7686000E-02   8.8068563E+00  -4.0169679E+00  -4.7024130E+00
   4.3694000E-02   1.0774668E+01  -4.0169679E+00  -4.7024130E+00
   4.0925000E-02   9.7907611E+00  -2.3127941E+00  -5.1515537E+00
   4.1833000E-02   8.6071331E+00   8.4266283E-01   3.3944033E+00
   4.3817000E-02   6.6393217E+00   8.4266283E-01   3.3944033E+00
   4.6765000E-02   7.6232283E+00  -8.6151096E-01  -5.2271427E+00
   4.9988000E-02   5.4027474E+00   3.1938127E+00   3.2955215E+00
   4.8815000E-02   6.3866540E+00   4.8979865E+00   2.8463828E+00
   5.5588000E-02   4.4188427E+00   4.8979865E+00   2.8463828E+00
   6.2159000E-02   3.4349360E+00   3.1938127E+00  -5.3260226E+00
   5.7910000E-02   4.4188427E+00   1.4896370E+00  -5.3260226E+00
   5.5113000E-02   5.4027474E+00   3.1938127E+00  -5.7751632E+00
   5.5197000E-02   3.6641503E+00   7.0261543E+00   2.5812051E+00
   5.3716000E-02   4.6480570E+00   8.7303281E+00   2.1320663E+00
   6.0838000E-02   2.6802456E+00   8.7303281E+00   2.1320663E+00
   5.8808000E-02   5.1371596E+00   1.0251593E+01   8.7360332E-01
   6.7772000E-02   3.1595217E+00   1.0535937E+01   8.7360332E-01
   6.2265000E-02   4.6480570E+00   8.7303281E+00  -6.0403390E+00
   7.0574000E-02   2.6802456E+00   8.7303281E+00  -6.0403390E+00
   6.6564000E-02   1.6963409E+00   7.0261543E+00  -6.0403390E+00
   6.0086000E-02   2.6802456E+00   5.3219805E+00  -6.0403390E+00
   6.0199000E-02   3.6641503E+00   7.0261543E+00  -6.4894797E+00
   6.9368000E-02   1.2264170E+00   6.0963789E+00   2.9742681E+00
   5.8635000E-02   3.1942284E+00   6.0963789E+00   2.5251293E+00
   5.9939000E-02   2.2103218E+00   7.8005527E+00   2.5251293E+00
   6.7356000E-02   2.4251043E-01   4.3922032E+00  -5.6472760E+00
   6.1158000E-02   2.2103218E+00   4.3922032E+00  -5.6472760E+00
   6.4579000E-02   1.2264170E+00   6.0963789E+00  -6.0964167E+00
   4.3838000E-02   7.5268183E+00   1.7122939E+00   3.4013462E+00
   4.6201000E-02   9.4946297E+00   1.7122939E+00   2.9522074E+00
   4.6246000E-02   8.5107249E+00   3.4164696E+00   2.9522074E+00
   6.1990000E-02   1.1072693E+01   1.7122939E+00   1.6937444E+00
   4.8714000E-02   8.9998276E+00   4.9377350E+00   1.6937444E+00
   5.8904000E-02   9.4946297E+00   1.7122939E+00  -5.2201980E+00
   5.3231000E-02   8.5107249E+00   3.4164696E+00  -5.2201980E+00
   5.0640000E-02   6.5429136E+00   8.1201526E-03  -5.2201980E+00
   4.9797000E-02   8.5107249E+00   8.1201526E-03  -5.2201980E+00
   5.1711000E-02   7.5268183E+00   1.7122939E+00  -5.6693386E+00
   7.1220000E-02   3.9960902E-01   1.0941285E+01   8.9816975E-01
   7.6846000E-02  -3.8302421E+00   1.1172816E+01  -2.9387790E+00
   8.4112000E-02  -5.0571524E+00   9.6343182E+00  -2.9387790E+00
   7.0801000E-02   8.9441109E-01   7.7158438E+00  -6.0157726E+00
   7.0284000E-02  -8.9495533E-02   6.0116700E+00  -6.0157726E+00
   7.3339000E-02  -1.0734003E+00   7.7158438E+00  -6.4649132E+00
   6.3777000E-02   2.1064209E+00   5.2305234E+00   3.1846437E+00
   7.1207000E-02  -8.4529711E-01   3.5263496E+00  -4.9877617E+00
   6.6079000E-02   1.3860951E-01   1.8221740E+00  -4.9877617E+00
   6.4787000E-02   1.1225142E+00   3.5263496E+00  -5.4369023E+00
   1.0574300E-01  -5.0335252E+00  -1.8004950E+00   8.9048443E+00
   6.8921000E-02  -4.0559113E+00   1.1244663E+00   1.0422294E+01
   6.8360000E-02  -3.0720047E+00  -5.7970746E-01   1.0422294E+01
   6.9411000E-02  -4.4101518E+00   3.8042584E+00   9.1638312E+00
   9.1425000E-02  -5.4903400E+00   2.1234549E+00   9.1638312E+00
   1.0213500E-01  -5.4903400E+00   1.2547970E-01   9.1638312E+00
   9.9677000E-02  -4.4101518E+00  -1.5553257E+00   9.1638312E+00
   8.5803000E-02  -2.5927305E+00  -2.3853142E+00   9.1638312E+00
   6.2125000E-02  -6.1509069E-01  -2.1009728E+00   9.1638312E+00
   8.9504000E-02  -4.8449419E+00   4.5814385E+00   7.3453007E+00
   9.2076000E-02  -1.1041934E+00  -3.1863048E+00   7.3453007E+00
   6.4468000E-02   6.6874379E-01  -2.3325039E+00   7.3453007E+00
   8.4742000E-02   6.6874379E-01  -2.3325039E+00   5.3268824E+00
   1.3907200E-01  -1.0551752E+01   2.9556940E+00   3.6420519E+00
   1.5351600E-01  -1.2213450E+01   2.1943763E+00   1.8235213E+00
   1.4667500E-01  -1.0821752E+01   3.8912349E+00  -2.4682373E+00
   1.4899700E-01  -1.2159899E+01   2.2602540E+00  -4.2867678E+00
   4.8117000E-02   5.7787726E+00   5.6410116E+00   2.7342729E+00
   4.1559000E-02   7.7465840E+00   5.6410116E+00   2.2851341E+00
   3.8691000E-02   6.7626774E+00   7.3451873E+00   2.2851341E+00
   4.5133000E-02   9.3246450E+00   5.6410116E+00   1.0266711E+00
   3.0619000E-02   8.7617505E+00   7.5580555E+00   1.0266711E+00
   3.7026000E-02   7.2517819E+00   8.8664526E+00   1.0266711E+00
   2.8718000E-02   9.7625248E+00   7.5594860E+00  -7.9185944E-01
   3.0146000E-02   8.5356145E+00   9.0979837E+00  -7.9185944E-01
   2.7364000E-02   9.7625248E+00   7.5594860E+00  -2.8102777E+00
   3.1151000E-02   8.5356145E+00   9.0979837E+00  -2.8102777E+00
   3.8469000E-02   9.3246450E+00   5.6410116E+00  -4.6288082E+00
   2.8883000E-02   8.7617505E+00   7.5580555E+00  -4.6288082E+00
   4.1946000E-02   7.2517819E+00   8.8664526E+00  -4.6288082E+00
   3.6437000E-02   7.7465840E+00   5.6410116E+00  -5.8872712E+00
   3.9850000E-02   6.7626774E+00   7.3451873E+00  -5.8872712E+00
   5.4413000E-02   4.7948660E+00   3.9368378E+00  -5.8872712E+00
   4.6493000E-02   6.7626774E+00   3.9368378E+00  -5.8872712E+00
   4.4775000E-02   5.7787726E+00   5.6410116E+00  -6.3364119E+00
   1.6937000E-01  -1.3775570E+01  -6.7238454E+00  -1.1691905E+00
   1.3747300E-01  -1.4855756E+01  -5.0430418E+00  -6.8246698E+00
   1.3761900E-01  -1.3421327E+01  -4.0440533E+00  -8.0831328E+00
   1.3729000E-01  -1.2437421E+01  -5.7482271E+00  -8.0831328E+00
   1.3970100E-01  -3.2859066E+00  -6.2610515E+00  -2.8613003E+00
   1.3841300E-01  -4.8042183E+00  -7.7764965E+00   1.4512453E+00
   1.3721200E-01  -6.5882972E+00   4.1832430E+00   3.9973204E+00
   9.9449000E-02  -4.5454921E+00   3.2478532E+00  -3.3154487E+00
   7.8047000E-02  -3.1110616E+00   2.2488665E+00  -4.5739117E+00
   7.5212000E-02  -2.1271568E+00   5.4469084E-01  -4.5739117E+00
   6.6293000E-02  -1.5934547E-01   5.4469084E-01  -4.5739117E+00
   6.7919000E-02  -1.1432502E+00   2.2488665E+00  -5.0230523E+00
   3.1758000E-02  -4.8751529E-01   2.1676159E+00   1.2026056E+01
   2.3784000E-02   1.4802961E+00   2.1676159E+00   1.1576917E+01
   2.4663000E-02   4.9639133E-01   3.8717897E+00   1.1576917E+01
   3.4495000E-02  -1.4714200E+00   3.8717897E+00   1.1576917E+01
   4.4220000E-02  -2.4553266E+00   2.1676159E+00   1.1576917E+01
   4.3417000E-02  -1.4714200E+00   4.6344207E-01   1.1576917E+01
   3.2707000E-02   4.9639133E-01   4.6344207E-01   1.1576917E+01
   2.0688000E-02   3.0583590E+00   2.1676159E+00   1.0318454E+01
   1.9244000E-02   2.4954644E+00   4.0846597E+00   1.0318454E+01
   2.3972000E-02   9.8549399E-01   5.3930550E+00   1.0318454E+01
   3.3506000E-02  -9.9214583E-01   5.6773983E+00   1.0318454E+01
   4.5396000E-02  -2.8095690E+00   4.8474079E+00   1.0318454E+01
   5.8019000E-02  -3.8897553E+00   3.1666044E+00   1.0318454E+01
   5.3361000E-02  -9.9214583E-01  -1.3421665E+00   1.0318454E+01
   3.9043000E-02   9.8549399E-01  -1.0578233E+00   1.0318454E+01
   2.7693000E-02   2.4954644E+00   2.5057200E-01   1.0318454E+01
   2.3059000E-02   3.9341166E+00   2.1676159E+00   8.4999232E+00
   2.1617000E-02   3.4962387E+00   4.0860903E+00   8.4999232E+00
   2.4970000E-02   2.2693285E+00   5.6245861E+00   8.4999232E+00
   3.2894000E-02   4.9639133E-01   6.4783889E+00   8.4999232E+00
   4.4076000E-02  -1.4714200E+00   6.4783889E+00   8.4999232E+00
   5.7568000E-02  -3.2443572E+00   5.6245861E+00   8.4999232E+00
   5.6082000E-02   4.9639133E-01  -2.1431571E+00   8.4999232E+00
   3.9366000E-02   2.2693285E+00  -1.2893544E+00   8.4999232E+00
   2.8853000E-02   3.4962387E+00   2.4914147E-01   8.4999232E+00
   3.0833000E-02   3.9341166E+00   2.1676159E+00   6.4815050E+00
   3.0568000E-02   3.4962387E+00   4.0860903E+00   6.4815050E+00
   3.5242000E-02   2.2693285E+00   5.6245861E+00   6.4815050E+00
   4.5233000E-02   4.9639133E-01   6.4783889E+00   6.4815050E+00
   5.9775000E-02  -1.4714200E+00   6.4783889E+00   6.4815050E+00
   7.7808000E-02  -3.2443572E+00   5.6245861E+00   6.4815050E+00
   4.9307000E-02   2.2693285E+00  -1.2893544E+00   6.4815050E+00
   3.6151000E-02   3.4962387E+00   2.4914147E-01   6.4815050E+00
   4.4610000E-02   3.0583590E+00   2.1676159E+00   4.6629745E+00
   4.7206000E-02   2.4954644E+00   4.0846597E+00   4.6629745E+00
   5.8520000E-02   9.8549399E-01   5.3930550E+00   4.6629745E+00
   1.0258900E-01  -3.7296407E+00  -7.1617213E-01  -3.6687329E+00
   9.8823000E-02  -4.7135473E+00   9.8800166E-01  -3.6687329E+00
   1.9152000E-01  -1.0889746E+01  -7.5649001E+00  -7.5406492E-01
   4.9257000E-02   3.1861139E+00   2.0618385E+00   3.7736222E+00
   4.6392000E-02   5.1539253E+00   2.0618385E+00   3.3244834E+00
   5.1537000E-02   4.1700187E+00   3.7660122E+00   3.3244834E+00
   6.2807000E-02   8.6406020E-01  -6.1795363E-01  -3.5894589E+00
   5.4865000E-02   2.2022073E+00   3.5766277E-01  -4.8479219E+00
   5.2819000E-02   4.1700187E+00   3.5766277E-01  -4.8479219E+00
   5.9443000E-02   3.1861139E+00   2.0618385E+00  -5.2970626E+00
   3.5619000E-02   5.0437769E+00  -2.8136319E+00   5.1285557E+00
   3.2080000E-02   7.0686429E+00  -2.8136319E+00   4.7257852E+00
   3.5646000E-02   6.0562109E+00  -1.0600456E+00   4.7257852E+00
   4.2277000E-02   4.0313430E+00  -1.0600456E+00   4.7257852E+00
   5.1569000E-02   3.0189091E+00  -2.8136319E+00   4.7257852E+00
   3.9824000E-02   4.0313430E+00  -4.5672183E+00   4.7257852E+00
   2.6847000E-02   6.0562109E+00  -4.5672183E+00   4.7257852E+00
   4.2651000E-02   5.0437769E+00   9.2783467E-01   3.5787895E+00
   6.7559000E-02   1.8035715E+00  -4.6843643E+00   3.5787895E+00
   4.4452000E-02   3.1730427E+00  -6.0538355E+00   3.5787895E+00
   7.8970000E-02   1.0889281E+00  -5.6869962E+00   1.8621908E+00
   4.7614000E-02   2.5995449E+00  -7.0471624E+00   1.8621908E+00
   9.0319000E-02   5.4508012E-01  -5.5991069E+00  -1.6267706E-01
   6.1017000E-02   1.8550968E+00  -7.0361264E+00  -1.6267706E-01
   7.4930000E-02   1.0889281E+00  -5.6869962E+00  -2.1875430E+00
   4.9224000E-02   2.5995449E+00  -7.0471624E+00  -2.1875430E+00
   5.3330000E-02   1.8035715E+00  -9.4289768E-01  -3.9041418E+00
   6.4975000E-02   1.3023103E+00  -2.8136319E+00  -3.9041418E+00
   6.0934000E-02   1.8035715E+00  -4.6843643E+00  -3.9041418E+00
   4.6100000E-02   3.1730427E+00  -6.0538355E+00  -3.9041418E+00
   4.0624000E-02   7.0686429E+00  -2.8136319E+00  -5.0511374E+00
   4.7842000E-02   6.0562109E+00  -1.0600456E+00  -5.0511374E+00
   4.8214000E-02   4.0313430E+00  -1.0600456E+00  -5.0511374E+00
   4.9320000E-02   3.0189091E+00  -2.8136319E+00  -5.0511374E+00
   4.2931000E-02   4.0313430E+00  -4.5672183E+00  -5.0511374E+00
   3.7286000E-02   6.0562109E+00  -4.5672183E+00  -5.0511374E+00
   4.3016000E-02   5.0437769E+00  -2.8136319E+00  -5.4539098E+00
   2.2424000E-02   6.7729102E+00  -5.4441078E+00   4.6731317E+00
   1.8690000E-02   5.7890036E+00  -7.1482816E+00   4.2239930E+00
   2.1092000E-02   7.7568150E+00  -7.1482816E+00   4.2239930E+00
   2.0471000E-02   4.4508565E+00  -8.1238999E+00   2.9655300E+00
   1.5662000E-02   6.2682797E+00  -8.9538902E+00   2.9655300E+00
   2.0815000E-02   4.0160665E+00  -8.9010781E+00   1.1469994E+00
   1.5319000E-02   5.7890036E+00  -9.7548808E+00   1.1469994E+00
   2.2551000E-02   4.0160665E+00  -8.9010781E+00  -8.7141879E-01
   1.6755000E-02   5.7890036E+00  -9.7548808E+00  -8.7141879E-01
   2.5056000E-02   4.4508565E+00  -8.1238999E+00  -2.6899494E+00
   2.0105000E-02   6.2682797E+00  -8.9538902E+00  -2.6899494E+00
   2.5734000E-02   5.7890036E+00  -7.1482816E+00  -3.9484124E+00
   2.9246000E-02   7.7568150E+00  -7.1482816E+00  -3.9484124E+00
   5.2568000E-02   1.3496504E+01  -1.5663277E+00   2.2576254E+00
   5.2241000E-02   1.2589436E+01   4.7621095E-03   2.2576254E+00
   5.8405000E-02   1.4824545E+01  -1.5663277E+00   9.2958456E-01
   6.0750000E-02   1.4224444E+01   2.8059785E-01   9.2958456E-01
   6.7173000E-02   1.2653354E+01   1.4220604E+00   9.2958456E-01
   5.9342000E-02   1.4224444E+01  -3.4132533E+00   9.2958456E-01
   6.0864000E-02   1.5310641E+01  -1.5663277E+00  -8.8455239E-01
   6.4158000E-02   1.4824545E+01   2.4780922E-01  -8.8455239E-01
   7.3131000E-02   1.3496504E+01   1.5758501E+00  -8.8455239E-01
   5.9914000E-02   1.4824545E+01  -3.3804647E+00  -8.8455239E-01
   6.0824000E-02   1.4824545E+01  -1.5663277E+00  -2.6986893E+00
   6.5622000E-02   1.4224444E+01   2.8059785E-01  -2.6986893E+00
   7.9164000E-02   1.2653354E+01   1.4220604E+00  -2.6986893E+00
   5.9190000E-02   1.4224444E+01  -3.4132533E+00  -2.6986893E+00
   5.7913000E-02   1.3496504E+01  -1.5663277E+00  -4.0267283E+00
   6.3596000E-02   1.2589436E+01   4.7621095E-03  -4.0267283E+00
   6.1770000E-02   4.8395353E+00   1.0577679E+01   6.9293228E-01
   5.5874000E-02   6.4745414E+00   1.0853516E+01  -6.3510856E-01
   6.5093000E-02   4.9034534E+00   1.1994979E+01  -6.3510856E-01
   7.2474000E-02   2.9614803E+00   1.1994979E+01  -6.3510856E-01
   5.4410000E-02   7.0746447E+00   1.0820728E+01  -2.4492455E+00
   6.3918000E-02   5.7466038E+00   1.2148769E+01  -2.4492455E+00
   7.0922000E-02   3.9324669E+00   1.2634865E+01  -2.4492455E+00
   7.9579000E-02   2.1183299E+00   1.2148769E+01  -2.4492455E+00
   5.9012000E-02   6.4745414E+00   1.0853516E+01  -4.2633825E+00
   6.7533000E-02   4.9034534E+00   1.1994979E+01  -4.2633825E+00
   7.5424000E-02   2.9614803E+00   1.1994979E+01  -4.2633825E+00
   5.6925000E-02   5.7466038E+00   9.0065909E+00  -5.5914214E+00
   6.5566000E-02   4.8395353E+00   1.0577679E+01  -5.5914214E+00
   7.3288000E-02   3.0253984E+00   1.0577679E+01  -5.5914214E+00
   6.6591000E-02   3.9324669E+00   9.0065909E+00  -6.0775194E+00
   6.3845000E-02   1.0988785E+01   2.6345010E+00   1.6585823E+00
   7.5486000E-02   1.2316826E+01   2.6345010E+00   3.3054142E-01
   6.8314000E-02   1.1716723E+01   4.4814266E+00   3.3054142E-01
   5.3338000E-02   1.0145635E+01   5.6228891E+00   3.3054142E-01
   8.0373000E-02   1.2802922E+01   2.6345010E+00  -1.4835955E+00
   7.2790000E-02   1.2316826E+01   4.4486380E+00  -1.4835955E+00
   5.8615000E-02   1.0988785E+01   5.7766788E+00  -1.4835955E+00
   7.7374000E-02   1.2316826E+01   2.6345010E+00  -3.2977325E+00
   6.9849000E-02   1.1716723E+01   4.4814266E+00  -3.2977325E+00
   4.9708000E-02   1.0145635E+01   5.6228891E+00  -3.2977325E+00
   6.9682000E-02   1.0988785E+01   2.6345010E+00  -4.6257714E+00
   6.0801000E-02   1.0081716E+01   4.2055909E+00  -4.6257714E+00
   7.2310000E-02   1.3323230E+00  -1.8374278E+00   5.4323651E+00
   5.0587000E-02   2.9673290E+00   1.5805857E+00   4.1043242E+00
   7.7467000E-02   1.3962392E+00  -3.2547280E+00   4.1043242E+00
   1.0167300E-01   9.6128471E-02  -4.8213278E+00   1.4265825E+00
   9.4547000E-02   9.6128471E-02  -4.8213278E+00  -2.2016914E+00
   6.7938000E-02   9.3927885E-01  -1.8329397E+00  -3.5297304E+00
   1.1073100E-01  -2.6889950E+00  -1.8329397E+00  -3.5297304E+00
   1.1463300E-01  -1.7819266E+00  -3.4040277E+00  -3.5297304E+00
   8.7774000E-02   3.2210379E-02  -3.4040277E+00  -3.5297304E+00
   8.9293000E-02  -8.7485810E-01  -1.8329397E+00  -4.0158284E+00
   1.0316600E-01  -5.8958903E+00   5.9529581E-01   9.0875317E+00
   1.0442800E-01  -6.8029588E+00   2.1663838E+00   8.6014355E+00
   1.1105000E-01  -7.7100272E+00   5.9529581E-01   8.6014355E+00
   1.1269200E-01  -6.8029588E+00  -9.7579403E-01   8.6014355E+00
   1.1017400E-01  -6.8668768E+00   3.5836839E+00   7.2733947E+00
   1.1800700E-01  -8.4379648E+00   2.4422214E+00   7.2733947E+00
   1.2497700E-01  -9.0380681E+00   5.9529581E-01   7.2733947E+00
   1.2819000E-01  -8.4379648E+00  -1.2516298E+00   7.2733947E+00
   1.2217600E-01  -5.8958903E+00   4.2235697E+00   5.4592578E+00
   1.2753600E-01  -7.7100272E+00   3.7374717E+00   5.4592578E+00
   1.3576100E-01  -9.0380681E+00   2.4094328E+00   5.4592578E+00
   1.0877600E-01  -4.8999707E+00  -3.7064235E+00   8.3330945E+00
   1.0002400E-01  -3.0858337E+00  -3.7064235E+00   8.3330945E+00
   1.2646100E-01  -6.5349767E+00  -3.9822611E+00   7.0050536E+00
   1.1793500E-01  -4.9638888E+00  -5.1237237E+00   7.0050536E+00
   1.0752700E-01  -3.0219156E+00  -5.1237237E+00   7.0050536E+00
   9.8206000E-02  -1.4508277E+00  -3.9822611E+00   7.0050536E+00
   1.2631100E-01  -3.9929022E+00  -5.7636095E+00   5.1909167E+00
   1.1413100E-01  -2.1787652E+00  -5.2775115E+00   5.1909167E+00
   1.0570000E-01  -8.5072440E-01  -3.9494725E+00   5.1909167E+00
   1.2694800E-01  -1.4508277E+00  -3.9822611E+00   3.3767797E+00
   1.3971600E-01  -7.2716335E+00   3.9086828E+00   4.0849904E+00
   1.3376300E-01  -9.0857704E+00   3.9086828E+00   4.0849904E+00
   1.3236300E-01  -7.2077154E+00   5.3259810E+00   2.7569496E+00
   1.2871100E-01  -9.1496885E+00   5.3259810E+00   2.7569496E+00
   1.3387500E-01  -1.0720776E+01   4.1845185E+00   2.7569496E+00
   1.3089900E-01  -8.1787020E+00   5.9658668E+00   9.4281264E-01
   1.3169300E-01  -9.9928389E+00   5.4797707E+00   9.4281264E-01
   1.4191800E-01  -1.1320880E+01   4.1517299E+00   9.4281264E-01
   1.3635800E-01  -9.1496885E+00   5.3259810E+00  -8.7132431E-01
   1.4884500E-01  -1.0720776E+01   4.1845185E+00  -8.7132431E-01
   1.3564700E-01  -1.0049495E+01   1.1421107E+00   5.7025959E+00
   1.3650900E-01  -1.0956563E+01  -4.2897725E-01   5.7025959E+00
   1.4334500E-01  -1.0049495E+01  -2.0000671E+00   5.7025959E+00
   1.3795900E-01  -1.0113413E+01   2.5594109E+00   4.3745550E+00
   1.3699600E-01  -1.1684501E+01   1.4179483E+00   4.3745550E+00
   1.4378800E-01  -1.2284604E+01  -4.2897725E-01   4.3745550E+00
   1.5502600E-01  -1.1684501E+01  -2.2759028E+00   4.3745550E+00
   1.6310400E-01  -1.0113413E+01  -3.4173654E+00   4.3745550E+00
   1.5298700E-01  -1.2284604E+01   1.3851597E+00   2.5604181E+00
   1.6388600E-01  -1.2770700E+01  -4.2897725E-01   2.5604181E+00
   1.5270400E-01  -1.2700790E+01   1.7921424E+00   1.8721213E+00
   1.5715800E-01  -1.3607858E+01   2.2105448E-01   1.8721213E+00
   1.4510700E-01  -1.2764706E+01   3.2094426E+00   5.4408046E-01
   1.4231200E-01  -1.4335796E+01   2.0679801E+00   5.4408046E-01
   1.5090300E-01  -1.4935897E+01   2.2105448E-01   5.4408046E-01
   1.7431200E-01  -1.4335796E+01  -1.6258711E+00   5.4408046E-01
   1.4678200E-01  -1.1793721E+01   3.8493284E+00  -1.2700565E+00
   1.3893700E-01  -1.3607858E+01   3.3632323E+00  -1.2700565E+00
   1.4056900E-01  -1.4935897E+01   2.0351914E+00  -1.2700565E+00
   1.5109200E-01  -1.5421995E+01   2.2105448E-01  -1.2700565E+00
   1.4168100E-01  -1.2764706E+01   3.2094426E+00  -3.0841934E+00
   1.4232700E-01  -1.4335796E+01   2.0679801E+00  -3.0841934E+00
   1.5618900E-01  -1.4935897E+01   2.2105448E-01  -3.0841934E+00
   1.4992400E-01  -1.2700790E+01   1.7921424E+00  -4.4122324E+00
   1.2132200E-01  -5.8698688E+00   2.1542801E+00  -3.1919078E+00
   1.3795500E-01  -7.1979077E+00   3.4823190E+00  -3.1919078E+00
   1.4319600E-01  -9.0120447E+00   3.9684170E+00  -3.1919078E+00
   1.3399700E-01  -5.8698688E+00   3.4014312E-01  -5.0060448E+00
   1.2869600E-01  -6.4699701E+00   2.1870687E+00  -5.0060448E+00
   1.3314300E-01  -8.0410600E+00   3.3285312E+00  -5.0060448E+00
   1.3749900E-01  -9.9830312E+00   3.3285312E+00  -5.0060448E+00
   1.4658000E-01  -1.1554121E+01   2.1870687E+00  -5.0060448E+00
   1.4394000E-01  -7.1979077E+00   3.4014312E-01  -6.3340837E+00
   1.3620300E-01  -8.1049762E+00   1.9112311E+00  -6.3340837E+00
   1.4094100E-01  -9.9191131E+00   1.9112311E+00  -6.3340837E+00
   1.5784000E-01  -1.0826182E+01   3.4014312E-01  -6.3340837E+00
   1.5127100E-01  -9.0120447E+00   3.4014312E-01  -6.8201817E+00
   1.6240100E-01  -8.3656733E+00  -7.9696888E+00   1.2107172E+00
   1.5256800E-01  -6.5515364E+00  -7.9696888E+00   1.2107172E+00
   1.7217800E-01  -1.0000679E+01  -8.2455264E+00  -1.1732364E-01
   1.4785800E-01  -8.4295914E+00  -9.3869890E+00  -1.1732364E-01
   1.3893700E-01  -6.4876183E+00  -9.3869890E+00  -1.1732364E-01
   1.4278900E-01  -4.9165303E+00  -8.2455264E+00  -1.1732364E-01
   1.5162300E-01  -9.2727418E+00  -9.5407787E+00  -1.9314606E+00
   1.3766500E-01  -7.4586049E+00  -1.0026875E+01  -1.9314606E+00
   1.3281100E-01  -5.6444679E+00  -9.5407787E+00  -1.9314606E+00
   1.3704200E-01  -4.3164271E+00  -8.2127378E+00  -1.9314606E+00
   1.4628200E-01  -8.4295914E+00  -9.3869890E+00  -3.7455975E+00
   1.3476500E-01  -6.4876183E+00  -9.3869890E+00  -3.7455975E+00
   1.3441900E-01  -4.9165303E+00  -8.2455264E+00  -3.7455975E+00
   1.5527200E-01  -8.3656733E+00  -7.9696888E+00  -5.0736365E+00
   1.4121300E-01  -6.5515364E+00  -7.9696888E+00  -5.0736365E+00
   1.3094200E-01  -2.7702306E+00  -3.6490363E+00  -3.5887503E+00
   1.1748900E-01  -3.2563267E+00  -1.8348994E+00  -3.5887503E+00
   1.2402200E-01  -3.2563267E+00  -3.6490363E+00  -5.4028872E+00
   1.2235100E-01  -3.8564281E+00  -1.8021107E+00  -5.4028872E+00
   1.3553100E-01  -5.4275179E+00  -6.6064821E-01  -5.4028872E+00
   1.4041200E-01  -5.4275179E+00  -6.6374244E+00  -5.4028872E+00
   1.2980700E-01  -3.8564281E+00  -5.4959619E+00  -5.4028872E+00
   1.2952100E-01  -4.5843675E+00  -3.6490363E+00  -6.7309262E+00
   1.3671000E-01  -5.4914360E+00  -2.0779465E+00  -6.7309262E+00
   1.5304000E-01  -7.3055730E+00  -5.2201243E+00  -6.7309262E+00
   1.3565200E-01  -5.4914360E+00  -5.2201243E+00  -6.7309262E+00
   1.4409000E-01  -6.3985045E+00  -3.6490363E+00  -7.2170242E+00
   1.2944300E-01  -2.9743134E+00  -5.8153558E+00   3.4368144E+00
   1.2253900E-01  -2.9103953E+00  -7.2326560E+00   2.1087736E+00
   1.1460500E-01  -1.3393055E+00  -6.0911935E+00   2.1087736E+00
   1.3455500E-01  -3.8813819E+00  -7.8725418E+00   2.9463663E-01
   1.1805900E-01  -2.0672450E+00  -7.3864457E+00   2.9463663E-01
   1.1079300E-01  -7.3920411E-01  -6.0584048E+00   2.9463663E-01
   1.3076800E-01  -2.9103953E+00  -7.2326560E+00  -1.5195003E+00
   1.1705500E-01  -1.3393055E+00  -6.0911935E+00  -1.5195003E+00
   1.2803000E-01  -2.0672450E+00  -4.2442679E+00  -2.8475393E+00
   1.3812300E-01  -2.9743134E+00  -5.8153558E+00  -2.8475393E+00
   1.4659200E-01  -8.4620758E+00  -4.2537524E+00   5.3208712E+00
   1.3627800E-01  -7.5550073E+00  -5.8248404E+00   5.3208712E+00
   1.3287600E-01  -5.7408704E+00  -5.8248404E+00   5.3208712E+00
   1.6850300E-01  -9.7901167E+00  -4.2537524E+00   3.9928304E+00
   1.5347100E-01  -9.1900153E+00  -6.1006761E+00   3.9928304E+00
   1.3836500E-01  -7.6189254E+00  -7.2421405E+00   3.9928304E+00
   1.3013800E-01  -5.6769542E+00  -7.2421405E+00   3.9928304E+00
   1.3235000E-01  -4.1058643E+00  -6.1006761E+00   3.9928304E+00
   1.6097300E-01  -8.4620758E+00  -7.3959283E+00   2.1786934E+00
   1.4474900E-01  -6.6479389E+00  -7.8820263E+00   2.1786934E+00
   1.1049300E-01  -5.6782846E+00   7.1703990E+00   2.0010592E+00
   1.2660900E-01  -7.2493744E+00   6.0289364E+00   2.0010592E+00
   1.1210400E-01  -6.5214349E+00   7.3241868E+00   1.8692225E-01
   1.3126100E-01  -7.8494758E+00   5.9961478E+00   1.8692225E-01
   1.2349000E-01  -7.2493744E+00   6.0289364E+00  -1.6272147E+00
   1.2736700E-01  -6.5214349E+00   4.1820109E+00  -2.9552537E+00
   1.1703800E-01  -5.6143665E+00   2.6109210E+00  -2.9552537E+00
   8.6815000E-02  -3.4109479E+00   5.9137539E+00   5.8915685E+00
   6.9787000E-02   3.8195142E-02   6.1895896E+00   4.5635276E+00
   8.1005000E-02  -1.5328947E+00   7.3310540E+00   4.5635276E+00
   9.1946000E-02  -3.4748659E+00   7.3310540E+00   4.5635276E+00
   1.0625900E-01  -5.0459558E+00   6.1895896E+00   4.5635276E+00
   1.0406300E-01  -4.3180163E+00   7.4848418E+00   2.7493907E+00
   1.8059700E-01  -1.0759986E+01  -3.9741240E+00   3.4599277E+00
   1.7498300E-01  -1.2574123E+01  -3.9741240E+00   2.9738316E+00
   1.7345900E-01  -1.1667055E+01  -5.5452138E+00   2.9738316E+00
   1.8478400E-01  -1.3302063E+01  -2.1271984E+00   1.6457907E+00
   1.7556000E-01  -1.3902164E+01  -3.9741240E+00   1.6457907E+00
   1.7216000E-01  -1.3302063E+01  -5.8210496E+00   1.6457907E+00
   1.7411600E-01  -1.1730973E+01  -6.9625121E+00   1.6457907E+00
   1.8185200E-01  -9.7890017E+00  -6.9625121E+00   1.6457907E+00
   1.8434600E-01  -1.4388260E+01  -3.9741240E+00  -1.6834624E-01
   1.7872500E-01  -1.3902164E+01  -5.7882609E+00  -1.6834624E-01
   1.8001200E-01  -1.2574123E+01  -7.1163018E+00  -1.6834624E-01
   1.8692100E-01  -1.0759986E+01  -7.6023979E+00  -1.6834624E-01
   1.6924800E-01  -1.5170616E+01  -3.2825183E+00  -6.4877317E-01
   1.5473900E-01  -1.5898554E+01  -1.4355927E+00  -1.9768140E+00
   1.4643300E-01  -1.6498657E+01  -3.2825183E+00  -1.9768140E+00
   1.4878600E-01  -1.5898554E+01  -5.1294439E+00  -1.9768140E+00
   1.5165400E-01  -1.5170616E+01  -1.4034050E-01  -3.7909510E+00
   1.4045400E-01  -1.6498657E+01  -1.4683813E+00  -3.7909510E+00
   1.3592300E-01  -1.6984753E+01  -3.2825183E+00  -3.7909510E+00
   1.3702900E-01  -1.6498657E+01  -5.0966552E+00  -3.7909510E+00
   1.4590700E-01  -1.4327466E+01  -2.9413018E-01  -5.6050879E+00
   1.3614900E-01  -1.5898554E+01  -1.4355927E+00  -5.6050879E+00
   1.3250800E-01  -1.6498657E+01  -3.2825183E+00  -5.6050879E+00
   1.3552600E-01  -1.5898554E+01  -5.1294439E+00  -5.6050879E+00
   1.4076000E-01  -1.4263548E+01  -1.7114285E+00  -6.9331269E+00
   1.3592200E-01  -1.5170616E+01  -3.2825183E+00  -6.9331269E+00
   1.5016400E-01  -7.4193968E+00  -3.2919310E+00  -7.5080420E+00
   1.4964500E-01  -8.0195001E+00  -1.4450054E+00  -7.5080420E+00
   1.4815300E-01  -9.5905880E+00  -3.0354291E-01  -7.5080420E+00
   1.4371600E-01  -1.1532561E+01  -3.0354291E-01  -7.5080420E+00
   1.4181000E-01  -1.3103649E+01  -1.4450054E+00  -7.5080420E+00
   1.4444000E-01  -9.5905880E+00  -6.2803191E+00  -7.5080420E+00
   1.4658400E-01  -8.0195001E+00  -5.1388566E+00  -7.5080420E+00
   1.3637500E-01  -8.7474377E+00  -3.2919310E+00  -8.8360809E+00
   1.3626500E-01  -9.6545061E+00  -1.7208431E+00  -8.8360809E+00
   1.3406100E-01  -1.1468643E+01  -1.7208431E+00  -8.8360809E+00
   1.3355100E-01  -1.2375712E+01  -3.2919310E+00  -8.8360809E+00
   1.3404500E-01  -1.1468643E+01  -4.8630190E+00  -8.8360809E+00
   1.3450500E-01  -9.6545061E+00  -4.8630190E+00  -8.8360809E+00
   1.3168500E-01  -1.0561575E+01  -3.2919310E+00  -9.3221789E+00
   1.7332100E-01  -1.2417250E+01  -7.6730547E+00  -9.3034234E-01
   1.4824100E-01  -1.4052256E+01  -7.9488905E+00  -2.2583832E+00
   1.4830100E-01  -1.2481168E+01  -9.0903530E+00  -2.2583832E+00
   1.5988800E-01  -1.0539195E+01  -9.0903530E+00  -2.2583832E+00
   1.3762200E-01  -1.4652359E+01  -7.9161019E+00  -4.0725201E+00
   1.3558300E-01  -1.3324318E+01  -9.2441427E+00  -4.0725201E+00
   1.3946500E-01  -1.1510181E+01  -9.7302388E+00  -4.0725201E+00
   1.5029800E-01  -9.6960442E+00  -9.2441427E+00  -4.0725201E+00
   1.3310000E-01  -1.4052256E+01  -7.9488905E+00  -5.8866571E+00
   1.3189400E-01  -1.2481168E+01  -9.0903530E+00  -5.8866571E+00
   1.3679800E-01  -1.0539195E+01  -9.0903530E+00  -5.8866571E+00
   1.4777900E-01  -8.9681066E+00  -7.9488905E+00  -5.8866571E+00
   1.3371300E-01  -1.2417250E+01  -7.6730547E+00  -7.2146960E+00
   1.3728700E-01  -1.0603113E+01  -7.6730547E+00  -7.2146960E+00
   7.2508000E-02   4.3046635E-01   1.2491920E+01  -1.0017154E+00
   7.1884000E-02  -1.5115068E+00   1.2491920E+01  -1.0017154E+00
   7.5651000E-02   1.2736167E+00   1.2645708E+01  -2.8158523E+00
   7.2182000E-02  -5.4052021E-01   1.3131806E+01  -2.8158523E+00
   7.2715000E-02  -2.3546572E+00   1.2645708E+01  -2.8158523E+00
   7.9852000E-02   2.0015543E+00   1.1350458E+01  -4.6299893E+00
   7.3699000E-02   4.3046635E-01   1.2491920E+01  -4.6299893E+00
   7.2605000E-02  -1.5115068E+00   1.2491920E+01  -4.6299893E+00
   7.4557000E-02  -3.0825947E+00   1.1350458E+01  -4.6299893E+00
   7.4506000E-02   1.2736167E+00   9.5035322E+00  -5.9580283E+00
   7.3325000E-02   3.6654826E-01   1.1074620E+01  -5.9580283E+00
   7.2874000E-02  -1.4475887E+00   1.1074620E+01  -5.9580283E+00
   7.4932000E-02  -2.3546572E+00   9.5035322E+00  -5.9580283E+00
   7.2607000E-02  -5.4052021E-01   9.5035322E+00  -6.4441262E+00
   9.0828000E-02  -5.5818386E+00   8.5888802E+00  -3.1692311E+00
   1.0546700E-01  -6.0679347E+00   6.7747433E+00  -3.1692311E+00
   8.5024000E-02  -4.9817353E+00   8.6216688E+00  -4.9833681E+00
   9.6516000E-02  -5.5818386E+00   6.7747433E+00  -4.9833681E+00
   1.0165800E-01  -4.9817353E+00   4.9278177E+00  -4.9833681E+00
   8.8911000E-02  -3.4106474E+00   3.7863551E+00  -4.9833681E+00
   7.4972000E-02  -1.4686743E+00   3.7863551E+00  -4.9833681E+00
   7.8592000E-02  -3.3467293E+00   8.3458312E+00  -6.3114070E+00
   8.6996000E-02  -4.2537978E+00   6.7747433E+00  -6.3114070E+00
   8.7000000E-02  -3.3467293E+00   5.2036534E+00  -6.3114070E+00
   7.7253000E-02  -1.5325923E+00   5.2036534E+00  -6.3114070E+00
   7.8516000E-02  -2.4396608E+00   6.7747433E+00  -6.7975050E+00
   8.7405000E-02  -2.0239381E+00   8.1674770E+00   3.4807146E+00
   7.6277000E-02  -2.0980116E-01   8.1674770E+00   2.9946185E+00
   7.5191000E-02  -1.1168696E+00   9.7385649E+00   2.9946185E+00
   8.2228000E-02  -2.9310066E+00   9.7385649E+00   2.9946185E+00
   9.6341000E-02  -3.8380751E+00   8.1674770E+00   2.9946185E+00
   7.0871000E-02   5.1813641E-01   1.0014403E+01   1.6665777E+00
   7.1865000E-02  -1.0529515E+00   1.1155865E+01   1.6665777E+00
   7.6586000E-02  -2.9949247E+00   1.1155865E+01   1.6665777E+00
   8.6184000E-02  -4.5660126E+00   1.0014403E+01   1.6665777E+00
   1.0143100E-01  -5.1661159E+00   8.1674770E+00   1.6665777E+00
   7.3250000E-02  -2.0239381E+00   1.1795751E+01  -1.4755925E-01
   7.7498000E-02  -3.8380751E+00   1.1309653E+01  -1.4755925E-01
   8.6676000E-02  -5.1661159E+00   9.9816139E+00  -1.4755925E-01
   1.0144400E-01  -5.6522120E+00   8.1674770E+00  -1.4755925E-01
   4.8186000E-02   1.5862513E+01  -7.1277838E+00  -1.6839065E+00
   5.2107000E-02   1.5376417E+01  -5.3136468E+00  -1.6839065E+00
   4.4934000E-02   1.4048376E+01  -1.0269962E+01  -1.6839065E+00
   4.6229000E-02   1.5376417E+01  -8.9419207E+00  -1.6839065E+00
   4.9828000E-02   1.5376417E+01  -7.1277838E+00  -3.4980434E+00
   5.3093000E-02   1.4776314E+01  -5.2808582E+00  -3.4980434E+00
   5.6412000E-02   1.3205226E+01  -4.1393956E+00  -3.4980434E+00
   4.3901000E-02   1.1263253E+01  -1.0116172E+01  -3.4980434E+00
   4.5937000E-02   1.3205226E+01  -1.0116172E+01  -3.4980434E+00
   4.7732000E-02   1.4776314E+01  -8.9747093E+00  -3.4980434E+00
   5.0534000E-02   1.4048376E+01  -7.1277838E+00  -4.8260824E+00
   5.1986000E-02   1.3141308E+01  -5.5566958E+00  -4.8260824E+00
   4.9217000E-02   1.1327171E+01  -5.5566958E+00  -4.8260824E+00
   4.6061000E-02   1.0420102E+01  -7.1277838E+00  -4.8260824E+00
   4.6342000E-02   1.1327171E+01  -8.6988736E+00  -4.8260824E+00
   4.8374000E-02   1.3141308E+01  -8.6988736E+00  -4.8260824E+00
   4.9452000E-02   1.2234239E+01  -7.1277838E+00  -5.3121804E+00
   4.5064000E-02   1.2460999E+01  -6.5929894E+00   5.2362701E+00
   4.7325000E-02   1.4275136E+01  -6.5929894E+00   4.7501740E+00
   4.7919000E-02   1.3368067E+01  -5.0218996E+00   4.7501740E+00
   4.4751000E-02   1.1553930E+01  -5.0218996E+00   4.7501740E+00
   4.0794000E-02   1.0646862E+01  -6.5929894E+00   4.7501740E+00
   4.1986000E-02   1.1553930E+01  -8.1640774E+00   4.7501740E+00
   4.4871000E-02   1.3368067E+01  -8.1640774E+00   4.7501740E+00
   4.8065000E-02   1.5603176E+01  -6.5929894E+00   3.4221331E+00
   5.0260000E-02   1.5003075E+01  -4.7460638E+00   3.4221331E+00
   5.0610000E-02   1.3431985E+01  -3.6046013E+00   3.4221331E+00
   4.3699000E-02   1.3431985E+01  -9.5813775E+00   3.4221331E+00
   4.5762000E-02   1.5003075E+01  -8.4399150E+00   3.4221331E+00
   4.7905000E-02   1.6089273E+01  -6.5929894E+00   1.6079962E+00
   5.1318000E-02   1.5603176E+01  -4.7788525E+00   1.6079962E+00
   5.6366000E-02   1.4275136E+01  -3.4508116E+00   1.6079962E+00
   4.5678000E-02   1.5603176E+01  -8.4071264E+00   1.6079962E+00
   2.9403000E-02   8.3641011E+00  -8.7491951E+00   3.5615363E+00
   3.9261000E-02   9.2711696E+00  -1.0320283E+01   3.5615363E+00
   4.1684000E-02   1.1085307E+01  -1.0320283E+01   3.5615363E+00
   3.4715000E-02   7.6361635E+00  -1.0596121E+01   2.2334955E+00
   4.2779000E-02   9.2072515E+00  -1.1737583E+01   2.2334955E+00
   4.3606000E-02   1.1149225E+01  -1.1737583E+01   2.2334955E+00
   2.9949000E-02   7.0360602E+00  -1.0563332E+01   4.1935854E-01
   4.2058000E-02   8.3641011E+00  -1.1891373E+01   4.1935854E-01
   4.4485000E-02   1.0178238E+01  -1.2377469E+01   4.1935854E-01
   4.3935000E-02   1.1992375E+01  -1.1891373E+01   4.1935854E-01
   3.4260000E-02   7.6361635E+00  -1.0596121E+01  -1.3947784E+00
   4.2597000E-02   9.2072515E+00  -1.1737583E+01  -1.3947784E+00
   4.3699000E-02   1.1149225E+01  -1.1737583E+01  -1.3947784E+00
   3.9833000E-02   9.2711696E+00  -1.0320283E+01  -2.7228174E+00
   3.3167000E-02   9.1837565E+00  -6.9577235E+00   4.7760746E+00
   3.7841000E-02   1.0160031E+01  -8.6486806E+00   4.7760746E+00
   4.1724000E-02   1.2635058E+01  -1.0239531E+01   3.6700444E+00
   4.2126000E-02   1.4075358E+01  -1.0643177E+01   2.0147521E+00
   4.6265000E-02   1.6238567E+01  -6.9577235E+00   6.2200331E-02
   4.2445000E-02   1.3088856E+01  -1.1671596E+01   6.2200331E-02
   4.2454000E-02   1.4744149E+01  -1.0565566E+01   6.2200331E-02
   4.3887000E-02   1.5850181E+01  -8.9102735E+00   6.2200331E-02
   4.2756000E-02   1.2185242E+01  -1.1553411E+01  -1.8903496E+00
   3.7633000E-02   8.7736708E+00  -9.6843487E+00  -3.5456418E+00
   4.2138000E-02   1.0622857E+01  -1.0528843E+01  -3.5456418E+00
   3.4419000E-02   9.2163184E+00  -4.8866084E+00   4.9603701E+00
   3.7703000E-02   1.0192592E+01  -3.1956495E+00   4.5719842E+00
   3.7063000E-02   8.2400425E+00  -6.5775655E+00  -4.8557624E+00
   4.0920000E-02   9.2163184E+00  -4.8866084E+00  -5.2441502E+00
   3.5937000E-02   9.7907611E+00  -2.3127941E+00   4.4860489E+00
   4.1538000E-02   1.1743313E+01  -2.3127941E+00   4.0976629E+00
   3.9230000E-02   1.0767037E+01  -6.2183512E-01   4.0976629E+00
   4.9096000E-02   1.3398605E+01  -2.3127941E+00   2.9916328E+00
   4.7960000E-02   1.2825873E+01  -3.6224535E-01   2.9916328E+00
   4.7931000E-02   1.1289514E+01   9.6901558E-01   2.9916328E+00
   4.7744000E-02   1.1743313E+01  -2.3127941E+00  -5.3300836E+00
   5.1276000E-02   1.0767037E+01  -6.2183512E-01  -5.3300836E+00
   3.9790000E-02   8.8144870E+00  -4.0037511E+00  -5.3300836E+00
   4.4085000E-02   1.0767037E+01  -4.0037511E+00  -5.3300836E+00
   4.3136000E-02   9.7907611E+00  -2.3127941E+00  -5.7184715E+00
   4.0815000E-02   8.5995024E+00   8.2944609E-01   4.0220739E+00
   4.7088000E-02   7.6232283E+00  -8.6151096E-01  -5.7940605E+00
   4.6733000E-02   5.4027474E+00   3.1938127E+00   3.8624393E+00
   4.6818000E-02   6.3790233E+00   4.8847697E+00   3.4740534E+00
   5.1566000E-02   4.4264734E+00   4.8847697E+00   3.4740534E+00
   5.9789000E-02   3.4501975E+00   3.1938127E+00  -5.9536932E+00
   5.6568000E-02   4.4264734E+00   1.5028537E+00  -5.9536932E+00
   5.3644000E-02   5.4027474E+00   3.1938127E+00  -6.3420810E+00
   5.3650000E-02   3.6641503E+00   7.0261543E+00   3.1481229E+00
   5.1691000E-02   4.6404263E+00   8.7171132E+00   2.7597369E+00
   5.8733000E-02   2.6878763E+00   8.7171132E+00   2.7597369E+00
   5.4438000E-02   5.1629034E+00   1.0307964E+01   1.6537068E+00
   6.2400000E-02   3.1507023E+00   1.0597275E+01   1.6537068E+00
   4.8639000E-02   6.6992619E+00   8.9767011E+00  -5.5619795E+00
   5.8931000E-02   4.6404263E+00   8.7171132E+00  -6.6680096E+00
   6.6334000E-02   2.6878763E+00   8.7171132E+00  -6.6680096E+00
   6.5132000E-02   1.7116004E+00   7.0261543E+00  -6.6680096E+00
   5.9897000E-02   2.6878763E+00   5.3351954E+00  -6.6680096E+00
   5.8638000E-02   3.6641503E+00   7.0261543E+00  -7.0563975E+00
   6.6721000E-02   1.2264170E+00   6.0963789E+00   3.5411859E+00
   5.6269000E-02   3.1789670E+00   6.0963789E+00   3.1527999E+00
   5.9131000E-02   2.2026911E+00   7.7873359E+00   3.1527999E+00
   6.7527000E-02   2.5014114E-01   4.4054199E+00  -6.2749466E+00
   6.1133000E-02   2.2026911E+00   4.4054199E+00  -6.2749466E+00
   6.4652000E-02   1.2264170E+00   6.0963789E+00  -6.6633345E+00
   4.2680000E-02   7.5268183E+00   1.7122939E+00   3.9682639E+00
   4.4262000E-02   9.4793701E+00   1.7122939E+00   3.5798780E+00
   4.4965000E-02   8.5030942E+00   3.4032529E+00   3.5798780E+00
   5.3481000E-02   1.1134662E+01   1.7122939E+00   2.4738479E+00
   5.3205000E-02   1.0561930E+01   3.6628408E+00   2.4738479E+00
   4.6302000E-02   9.0255713E+00   4.9941036E+00   2.4738479E+00
   5.5019000E-02   9.4793701E+00   1.7122939E+00  -5.8478686E+00
   5.0902000E-02   8.5030942E+00   3.4032529E+00  -5.8478686E+00
   5.0318000E-02   6.5505443E+00   2.1335006E-02  -5.8478686E+00
   4.9490000E-02   8.5030942E+00   2.1335006E-02  -5.8478686E+00
   5.1310000E-02   7.5268183E+00   1.7122939E+00  -6.2362564E+00
   6.8278000E-02   4.2535086E-01   1.0997653E+01   1.6782732E+00
   7.0791000E-02  -2.1223361E+00   1.2311531E+01   2.2980958E-02
   7.6790000E-02  -4.6812424E+00   1.1323686E+01  -1.9295709E+00
   8.6467000E-02  -5.7872745E+00   9.6683937E+00  -1.9295709E+00
   7.4600000E-02  -4.0124533E+00   1.1401299E+01  -3.8821208E+00
   8.1959000E-02  -5.3204536E+00   9.7611169E+00  -3.8821208E+00
   7.4382000E-02  -3.4360359E+00   1.0442469E+01  -5.5374130E+00
   6.8503000E-02   8.7914966E-01   7.7158438E+00  -6.6434432E+00
   7.2591000E-02  -2.0496762E+00   9.4068027E+00  -6.6434432E+00
   6.9484000E-02  -9.7126247E-02   6.0248849E+00  -6.6434432E+00
   7.1681000E-02  -1.0734003E+00   7.7158438E+00  -7.0318310E+00
   5.9103000E-02   2.0987902E+00   5.2173086E+00   3.8123143E+00
   7.1833000E-02  -8.3003568E-01   3.5263496E+00  -5.6154323E+00
   6.7255000E-02   1.4623834E-01   1.8353907E+00  -5.6154323E+00
   6.4564000E-02   1.1225142E+00   3.5263496E+00  -6.0038201E+00
   9.8722000E-02  -1.6805333E-02  -4.7845670E+00   2.8046576E+00
   9.7873000E-02  -6.0021704E+00  -9.6321223E-02   9.5325149E+00
   9.6204000E-02  -5.0258945E+00  -1.7872802E+00   9.5325149E+00
   1.1137700E-01  -6.4122541E+00  -2.8229464E+00   8.4264847E+00
   6.4480000E-02  -4.0406499E+00   1.1244663E+00   1.1049965E+01
   6.3841000E-02  -3.0643740E+00  -5.6649072E-01   1.1049965E+01
   8.1583000E-02  -5.5497983E+00   2.1409140E+00   9.9439347E+00
   9.0180000E-02  -5.5497983E+00   1.0802052E-01   9.9439347E+00
   8.8174000E-02  -4.4507337E+00  -1.6021588E+00   9.9439347E+00
   7.6599000E-02  -2.6015499E+00  -2.4466528E+00   9.9439347E+00
   7.9167000E-02  -5.0271511E+00   4.8099214E+00   8.2886424E+00
   8.0227000E-02  -1.0391641E+00  -3.4712207E+00   8.2886424E+00
   8.6181000E-02  -4.0406499E+00   5.8383406E+00   6.3360906E+00
   1.0539200E-01  -5.6959422E+00   4.7323104E+00   6.3360906E+00
   8.6825000E-02  -1.3554816E-01  -3.5894060E+00   6.3360906E+00
   6.3623000E-02   1.5197441E+00  -2.4833758E+00   6.3360906E+00
   1.3063300E-01  -1.0592332E+01   3.0025270E+00   4.4221553E+00
   1.3952200E-01  -1.2476751E+01   2.3211750E+00   2.7668631E+00
   1.7048500E-01  -1.3299546E+01  -1.4359858E+00   2.1488150E+00
   1.3558600E-01  -1.0886781E+01   4.1761489E+00  -3.4115790E+00
   1.4024600E-01  -1.2200481E+01   2.3070871E+00  -5.0668713E+00
   1.5223600E-01  -1.3299546E+01   5.9690775E-01  -5.0668713E+00
   4.7229000E-02   5.7787726E+00   5.6410116E+00   3.3011907E+00
   4.2847000E-02   7.7313226E+00   5.6410116E+00   2.9128047E+00
   4.1419000E-02   6.7550466E+00   7.3319705E+00   2.9128047E+00
   4.5094000E-02   9.3866148E+00   5.6410116E+00   1.8067746E+00
   3.6020000E-02   8.8138823E+00   7.5915584E+00   1.8067746E+00
   3.9919000E-02   7.2775238E+00   8.9228212E+00   1.8067746E+00
   3.5068000E-02   1.0025826E+01   7.6862847E+00   1.5148232E-01
   3.4914000E-02   8.7178238E+00   9.3264667E+00   1.5148232E-01
   3.5434000E-02   1.0492647E+01   7.5935634E+00  -1.8010695E+00
   3.2948000E-02   9.3866148E+00   9.2488557E+00  -1.8010695E+00
   4.5231000E-02   7.7313226E+00   1.0354886E+01  -1.8010695E+00
   3.3755000E-02   1.0025826E+01   7.6862847E+00  -3.7536194E+00
   3.6518000E-02   8.7178238E+00   9.3264667E+00  -3.7536194E+00
   4.1423000E-02   9.3866148E+00   5.6410116E+00  -5.4089117E+00
   3.5452000E-02   8.8138823E+00   7.5915584E+00  -5.4089117E+00
   4.4304000E-02   7.2775238E+00   8.9228212E+00  -5.4089117E+00
   4.1004000E-02   7.7313226E+00   5.6410116E+00  -6.5149418E+00
   4.3473000E-02   6.7550466E+00   7.3319705E+00  -6.5149418E+00
   5.3726000E-02   4.8024967E+00   3.9500545E+00  -6.5149418E+00
   4.7619000E-02   6.7550466E+00   3.9500545E+00  -6.5149418E+00
   4.7334000E-02   5.7787726E+00   5.6410116E+00  -6.9033297E+00
   1.6407100E-01  -1.4915216E+01  -5.0604991E+00  -3.8908702E-01
   1.6530200E-01  -1.3816150E+01  -6.7706785E+00  -3.8908702E-01
   1.4866300E-01  -1.2502452E+01   5.5163369E-01  -5.9494810E+00
   1.2862200E-01  -1.5700569E+01  -6.0893264E+00  -5.9494810E+00
   1.3322800E-01  -1.3816150E+01  -1.3174281E+00  -7.6047733E+00
   1.2918700E-01  -1.4915216E+01  -3.0276056E+00  -7.6047733E+00
   1.2634800E-01  -1.4915216E+01  -5.0604991E+00  -7.6047733E+00
   1.2675700E-01  -1.3816150E+01  -6.7706785E+00  -7.6047733E+00
   1.2743600E-01  -1.3406066E+01  -4.0440533E+00  -8.7108034E+00
   1.2709600E-01  -1.2429790E+01  -5.7350122E+00  -8.7108034E+00
   1.3131600E-01  -3.6618165E+00  -7.9504193E+00  -1.8520921E+00
   1.2609400E-01  -3.0226054E+00  -6.3878502E+00  -3.8046420E+00
   1.3327200E-01  -5.7709057E+00  -7.6243848E+00  -5.4599343E+00
   1.2705200E-01  -4.7391890E+00  -8.0614123E+00   2.3945871E+00
   1.0921900E-01  -6.1251084E+00   6.8697095E+00   3.1221316E+00
   1.0003000E-01  -4.6049504E+00   3.2653123E+00  -4.0955521E+00
   8.3023000E-02  -3.0958020E+00   2.2488665E+00  -5.2015823E+00
   8.0050000E-02  -2.1195261E+00   5.5790758E-01  -5.2015823E+00
   6.8671000E-02  -1.6697619E-01   5.5790758E-01  -5.2015823E+00
   7.1381000E-02  -1.1432502E+00   2.2488665E+00  -5.5899701E+00
   3.5097000E-02  -4.8751529E-01   2.1676159E+00   1.2592973E+01
   2.8495000E-02   1.4650365E+00   2.1676159E+00   1.2204587E+01
   2.9350000E-02   4.8876062E-01   3.8585748E+00   1.2204587E+01
   3.7284000E-02  -1.4637893E+00   3.8585748E+00   1.2204587E+01
   4.5276000E-02  -2.4400652E+00   2.1676159E+00   1.2204587E+01
   4.4496000E-02  -1.4637893E+00   4.7665692E-01   1.2204587E+01
   3.5583000E-02   4.8876062E-01   4.7665692E-01   1.2204587E+01
   2.5342000E-02   3.1203288E+00   2.1676159E+00   1.1098557E+01
   2.4396000E-02   2.5475963E+00   4.1181627E+00   1.1098557E+01
   2.8238000E-02   1.0112377E+00   5.4494255E+00   1.1098557E+01
   3.5962000E-02  -1.0009652E+00   5.7387369E+00   1.1098557E+01
   4.5892000E-02  -2.8501490E+00   4.8942410E+00   1.1098557E+01
   5.6240000E-02  -3.9492155E+00   3.1840636E+00   1.1098557E+01
   6.3266000E-02  -3.9492155E+00   1.1511700E+00   1.1098557E+01
   6.1703000E-02  -2.8501490E+00  -5.5900929E-01   1.1098557E+01
   5.2026000E-02  -1.0009652E+00  -1.4035033E+00   1.1098557E+01
   4.0257000E-02   1.0112377E+00  -1.1141938E+00   1.1098557E+01
   3.0849000E-02   2.5475963E+00   2.1706904E-01   1.1098557E+01
   2.5823000E-02   4.2263589E+00   2.1676159E+00   9.4432650E+00
   2.4761000E-02   3.7595380E+00   4.2128890E+00   9.4432650E+00
   2.7580000E-02   2.4515377E+00   5.8530710E+00   9.4432650E+00
   3.4123000E-02   5.6142058E-01   6.7633029E+00   9.4432650E+00
   4.3533000E-02  -1.5364512E+00   6.7633029E+00   9.4432650E+00
   5.5133000E-02  -3.4265664E+00   5.8530710E+00   9.4432650E+00
   6.9275000E-02  -4.7345686E+00   4.2128890E+00   9.4432650E+00
   5.3321000E-02   5.6142058E-01  -2.4280711E+00   9.4432650E+00
   3.9464000E-02   2.4515377E+00  -1.5178393E+00   9.4432650E+00
   3.0568000E-02   3.7595380E+00   1.2234275E-01   9.4432650E+00
   2.9941000E-02   4.6147449E+00   2.1676159E+00   7.4907132E+00
   2.9476000E-02   4.2263589E+00   4.1201658E+00   7.4907132E+00
   3.2184000E-02   3.1203288E+00   5.7754580E+00   7.4907132E+00
   3.8391000E-02   1.4650365E+00   6.8814901E+00   7.4907132E+00
   4.7757000E-02  -4.8751529E-01   7.2698760E+00   7.4907132E+00
   5.9641000E-02  -2.4400652E+00   6.8814901E+00   7.4907132E+00
   7.4384000E-02  -4.0953575E+00   5.7754580E+00   7.4907132E+00
   5.6997000E-02   1.4650365E+00  -2.5462584E+00   7.4907132E+00
   4.1683000E-02   3.1203288E+00  -1.4402263E+00   7.4907132E+00
   3.3485000E-02   4.2263589E+00   2.1506594E-01   7.4907132E+00
   3.7703000E-02   4.2263589E+00   2.1676159E+00   5.5381633E+00
   3.8914000E-02   3.7595380E+00   4.2128890E+00   5.5381633E+00
   4.4245000E-02   2.4515377E+00   5.8530710E+00   5.5381633E+00
   5.5193000E-02   5.6142058E-01   6.7633029E+00   5.5381633E+00
   4.1396000E-02   3.7595380E+00   1.2234275E-01   5.5381633E+00
   1.0506200E-01  -4.7211780E+00   9.7478681E-01  -4.2964035E+00
   4.4267000E-02   5.1386639E+00   2.0618385E+00   3.9521540E+00
   4.8136000E-02   4.1623898E+00   3.7527955E+00   3.9521540E+00
   6.4451000E-02   8.2348022E-01  -6.6478671E-01  -4.3695624E+00
   5.7763000E-02   2.2098380E+00   3.7087951E-01  -5.4755925E+00
   5.3766000E-02   4.1623898E+00   3.7087951E-01  -5.4755925E+00
   5.9144000E-02   3.1861139E+00   2.0618385E+00  -5.8639804E+00
   3.7880000E-02   5.0437769E+00  -2.8136319E+00   5.7899598E+00
   3.3757000E-02   7.0796978E+00  -2.8136319E+00   5.4309723E+00
   3.6538000E-02   6.0617383E+00  -1.0504722E+00   5.4309723E+00
   4.2255000E-02   4.0258156E+00  -1.0504722E+00   5.4309723E+00
   5.1713000E-02   3.0078542E+00  -2.8136319E+00   5.4309723E+00
   4.2315000E-02   4.0258156E+00  -4.5767916E+00   5.4309723E+00
   3.1512000E-02   6.0617383E+00  -4.5767916E+00   5.4309723E+00
   3.6310000E-02   8.3574341E+00  -9.0049034E-01   4.3973073E+00
   3.9812000E-02   6.9569166E+00   5.0002528E-01   4.3973073E+00
   4.1406000E-02   5.0437769E+00   1.0126494E+00   4.3973073E+00
   6.7218000E-02   1.7301197E+00  -4.7267716E+00   4.3973073E+00
   4.6909000E-02   3.1306353E+00  -6.1272872E+00   4.3973073E+00
   9.3605000E-02   2.8105328E-01  -4.7864151E+00   2.8136414E+00
   6.8729000E-02   1.3985465E+00  -6.4588623E+00   2.8136414E+00
   8.3602000E-02   5.5306799E-01  -6.5817833E+00   8.7098794E-01
   5.2754000E-02   2.1126759E+00  -7.8904488E+00   8.7098794E-01
   8.2535000E-02   5.5306799E-01  -6.5817833E+00  -1.1963402E+00
   5.3834000E-02   2.1126759E+00  -7.8904488E+00  -1.1963402E+00
   8.5882000E-02   2.8105328E-01  -4.7864151E+00  -3.1389955E+00
   6.7158000E-02   1.3985465E+00  -6.4588623E+00  -3.1389955E+00
   4.5012000E-02   3.0709918E+00  -7.5763556E+00  -3.1389955E+00
   5.7851000E-02   1.7301197E+00  -9.0049034E-01  -4.7226615E+00
   6.6464000E-02   1.2174957E+00  -2.8136319E+00  -4.7226615E+00
   6.2726000E-02   1.7301197E+00  -4.7267716E+00  -4.7226615E+00
   4.9584000E-02   3.1306353E+00  -6.1272872E+00  -4.7226615E+00
   3.6332000E-02   5.0437769E+00  -6.6399132E+00  -4.7226615E+00
   4.2499000E-02   7.0796978E+00  -2.8136319E+00  -5.7563246E+00
   4.8091000E-02   6.0617383E+00  -1.0504722E+00  -5.7563246E+00
   5.0792000E-02   4.0258156E+00  -1.0504722E+00  -5.7563246E+00
   5.2859000E-02   3.0078542E+00  -2.8136319E+00  -5.7563246E+00
   4.6766000E-02   4.0258156E+00  -4.5767916E+00  -5.7563246E+00
   4.0672000E-02   6.0617383E+00  -4.5767916E+00  -5.7563246E+00
   4.5982000E-02   5.0437769E+00  -2.8136319E+00  -6.1153139E+00
   2.7738000E-02   6.7729102E+00  -5.4441078E+00   5.2400495E+00
   2.6331000E-02   5.7966343E+00  -7.1350668E+00   4.8516636E+00
   2.6577000E-02   7.7491842E+00  -7.1350668E+00   4.8516636E+00
   2.9103000E-02   4.4102746E+00  -8.1707330E+00   3.7456334E+00
   2.3922000E-02   6.2594603E+00  -9.0152288E+00   3.7456334E+00
   3.0223000E-02   3.8338572E+00  -9.1295629E+00   2.0903412E+00
   2.4033000E-02   5.7239744E+00  -1.0039795E+01   2.0903412E+00
   3.5944000E-02   3.1650662E+00  -9.0519500E+00   1.3778937E-01
   2.5611000E-02   4.8203584E+00  -1.0157982E+01   1.3778937E-01
   3.2648000E-02   3.8338572E+00  -9.1295629E+00  -1.8147606E+00
   2.6145000E-02   5.7239744E+00  -1.0039795E+01  -1.8147606E+00
   3.3360000E-02   4.4102746E+00  -8.1707330E+00  -3.4700528E+00
   2.8369000E-02   6.2594603E+00  -9.0152288E+00  -3.4700528E+00
   3.2514000E-02   5.7966343E+00  -7.1350668E+00  -4.5760830E+00
   3.3813000E-02   7.7491842E+00  -7.1350668E+00  -4.5760830E+00
   5.0480000E-02   1.3723271E+01  -1.5663277E+00   2.6503974E+00
   5.5039000E-02   1.5217317E+01  -1.5663277E+00   1.1563517E+00
   5.6899000E-02   1.4656157E+01   3.4481074E-01   1.1563517E+00
   6.2318000E-02   1.3150839E+01   1.6491752E+00   1.1563517E+00
   5.6979000E-02   1.5764175E+01  -1.5663277E+00  -8.8455239E-01
   5.9699000E-02   1.5296629E+01   3.3058300E-01  -8.8455239E-01
   6.7051000E-02   1.4001099E+01   1.7929342E+00  -8.8455239E-01
   5.6491000E-02   1.5296629E+01  -3.4632385E+00  -8.8455239E-01
   5.7163000E-02   1.5217317E+01  -1.5663277E+00  -2.9254565E+00
   6.1095000E-02   1.4656157E+01   3.4481074E-01  -2.9254565E+00
   7.1814000E-02   1.3150839E+01   1.6491752E+00  -2.9254565E+00
   5.6272000E-02   1.4656157E+01  -3.4774662E+00  -2.9254565E+00
   5.5225000E-02   1.3723271E+01  -1.5663277E+00  -4.4195003E+00
   6.0845000E-02   1.2702819E+01   2.0114810E-01  -4.4195003E+00
   5.1150000E-02   6.9062550E+00   1.0917729E+01  -4.0834144E-01
   5.9686000E-02   5.4009389E+00   1.2222094E+01  -4.0834144E-01
   6.6484000E-02   3.4293916E+00   1.2505560E+01  -4.0834144E-01
   4.9770000E-02   7.5467284E+00   1.0903502E+01  -2.4492455E+00
   5.8495000E-02   6.2511985E+00   1.2365853E+01  -2.4492455E+00
   6.4886000E-02   4.4244740E+00   1.3058638E+01  -2.4492455E+00
   7.2183000E-02   2.4850388E+00   1.2823148E+01  -2.4492455E+00
   5.4258000E-02   6.9062550E+00   1.0917729E+01  -4.4901496E+00
   6.1844000E-02   5.4009389E+00   1.2222094E+01  -4.4901496E+00
   6.8760000E-02   3.4293916E+00   1.2505560E+01  -4.4901496E+00
   6.1773000E-02   4.9529189E+00   1.0774065E+01  -5.9841934E+00
   6.9634000E-02   2.9120148E+00   1.0774065E+01  -5.9841934E+00
   6.8981000E-02   1.2709598E+01   2.6345010E+00   5.5730854E-01
   6.2804000E-02   1.2148436E+01   4.5456395E+00   5.5730854E-01
   5.1693000E-02   1.0643120E+01   5.8500040E+00   5.5730854E-01
   7.3370000E-02   1.3256456E+01   2.6345010E+00  -1.4835955E+00
   6.6449000E-02   1.2788910E+01   4.5314117E+00  -1.4835955E+00
   5.5577000E-02   1.1493380E+01   5.9937630E+00  -1.4835955E+00
   7.0533000E-02   1.2709598E+01   2.6345010E+00  -3.5244996E+00
   6.4145000E-02   1.2148436E+01   4.5456395E+00  -3.5244996E+00
   4.9664000E-02   1.0643120E+01   5.8500040E+00  -3.5244996E+00
   6.3966000E-02   1.1215552E+01   2.6345010E+00  -5.0185434E+00
   5.5654000E-02   1.0195100E+01   4.4019769E+00  -5.0185434E+00
   1.1349600E-01  -1.8953101E+00  -3.6004137E+00  -3.9225023E+00
   8.4031000E-02   1.4559394E-01  -3.6004137E+00  -3.9225023E+00
   8.7366000E-02  -8.7485810E-01  -1.8329397E+00  -4.4693626E+00
   9.7485000E-02  -6.9163423E+00   2.3627698E+00   8.9942075E+00
   1.0475900E-01  -7.9367943E+00   5.9529581E-01   8.9942075E+00
   1.0669500E-01  -6.9163423E+00  -1.1721800E+00   8.9942075E+00
   1.0108900E-01  -6.3989656E+00   4.0942633E+00   7.5001618E+00
   1.0882800E-01  -8.2107895E+00   3.2668317E+00   7.5001618E+00
   1.1609200E-01  -9.2876499E+00   1.5912060E+00   7.5001618E+00
   1.2175500E-01  -9.2876499E+00  -4.0061624E-01   7.5001618E+00
   1.2351600E-01  -8.2107895E+00  -2.0762419E+00   7.5001618E+00
   1.1981300E-01  -7.3433202E+00   4.4118526E+00   5.4592578E+00
   1.2714300E-01  -8.9511671E+00   3.3020354E+00   5.4592578E+00
   1.0261700E-01  -5.0133542E+00  -3.9028095E+00   8.7258664E+00
   9.2962000E-02  -2.9724502E+00  -3.9028095E+00   8.7258664E+00
   1.2542900E-01  -7.3846618E+00  -3.1312457E+00   7.2318207E+00
   1.1855600E-01  -6.3078014E+00  -4.8068714E+00   7.2318207E+00
   1.0897000E-01  -4.4959775E+00  -5.6343031E+00   7.2318207E+00
   9.8791000E-02  -2.5244301E+00  -5.3508385E+00   7.2318207E+00
   8.9709000E-02  -1.0191122E+00  -4.0464721E+00   7.2318207E+00
   1.1733000E-01  -3.5008950E+00  -6.1873824E+00   5.1909167E+00
   1.0556300E-01  -1.6741706E+00  -5.4945975E+00   5.1909167E+00
   9.7355000E-02  -3.7864062E-01  -4.0322463E+00   5.1909167E+00
   1.2718600E-01  -9.1991540E+00   4.1050688E+00   4.4777624E+00
   1.2141200E-01  -8.6817772E+00   5.8365623E+00   2.9837167E+00
   1.2395400E-01  -1.0493601E+01   5.0091307E+00   2.9837167E+00
   1.2308800E-01  -9.6261300E+00   6.1541497E+00   9.4281264E-01
   1.2973300E-01  -1.1233979E+01   5.0443325E+00   9.4281264E-01
   1.2827300E-01  -8.6817772E+00   5.8365623E+00  -1.0980914E+00
   1.3541900E-01  -1.0493601E+01   5.0091307E+00  -1.0980914E+00
   1.2877900E-01  -1.0162878E+01   1.3384967E+00   6.0953679E+00
   1.2945700E-01  -1.1183330E+01  -4.2897725E-01   6.0953679E+00
   1.3636000E-01  -1.0162878E+01  -2.1964531E+00   6.0953679E+00
   1.2975600E-01  -1.1457326E+01   2.2425586E+00   4.6013222E+00
   1.3323200E-01  -1.2534186E+01   5.6693291E-01   4.6013222E+00
   1.4185500E-01  -1.2534186E+01  -1.4248874E+00   4.6013222E+00
   1.5231200E-01  -1.1457326E+01  -3.1005150E+00   4.6013222E+00
   1.6654800E-01  -1.3105626E+01  -1.4058182E+00   2.5604181E+00
   1.4490300E-01  -1.2814173E+01   1.9885284E+00   2.2648933E+00
   1.4916700E-01  -1.3834625E+01   2.2105448E-01   2.2648933E+00
   1.4048900E-01  -1.2296797E+01   3.7200239E+00   7.7084758E-01
   1.3364900E-01  -1.4108621E+01   2.8925903E+00   7.7084758E-01
   1.3703500E-01  -1.5185479E+01   1.2169646E+00   7.7084758E-01
   1.5064900E-01  -1.5185479E+01  -7.7485569E-01   7.7084758E-01
   1.3206000E-01  -1.3241149E+01   4.0376112E+00  -1.2700565E+00
   1.3051300E-01  -1.4848998E+01   2.9277940E+00  -1.2700565E+00
   1.3631200E-01  -1.5756919E+01   1.1978954E+00  -1.2700565E+00
   1.5150900E-01  -1.5756919E+01  -7.5578646E-01  -1.2700565E+00
   1.3579100E-01  -1.2296797E+01   3.7200239E+00  -3.3109606E+00
   1.3264500E-01  -1.4108621E+01   2.8925903E+00  -3.3109606E+00
   1.3948900E-01  -1.5185479E+01   1.2169646E+00  -3.3109606E+00
   1.3535100E-01  -8.5200375E+00   4.3921900E+00  -3.1919078E+00
   1.2598300E-01  -5.4770968E+00   3.4014312E-01  -5.2328119E+00
   1.2038800E-01  -6.0382566E+00   2.2512797E+00  -5.2328119E+00
   1.2474000E-01  -7.5435745E+00   3.5556461E+00  -5.2328119E+00
   1.2837200E-01  -9.5151218E+00   3.8391106E+00  -5.2328119E+00
   1.3485100E-01  -1.1326946E+01   3.0116790E+00  -5.2328119E+00
   1.3578500E-01  -6.9711406E+00   3.4014312E-01  -6.7268557E+00
   1.2804500E-01  -7.9915926E+00   2.1076171E+00  -6.7268557E+00
   1.3301100E-01  -1.0032497E+01   2.1076171E+00  -6.7268557E+00
   1.4328600E-01  -9.0120447E+00   3.4014312E-01  -7.2737160E+00
   1.5458500E-01  -8.4790569E+00  -8.1660748E+00   1.6034892E+00
   1.5248800E-01  -9.7735041E+00  -9.0701367E+00   1.0944348E-01
   1.3567600E-01  -7.9616802E+00  -9.8975703E+00   1.0944348E-01
   1.3006700E-01  -5.9901328E+00  -9.6141038E+00   1.0944348E-01
   1.3740700E-01  -8.9060348E+00  -1.0215158E+01  -1.9314606E+00
   1.2711200E-01  -6.9665977E+00  -1.0450648E+01  -1.9314606E+00
   1.2407200E-01  -5.1398733E+00  -9.7578628E+00  -1.9314606E+00
   1.2907700E-01  -3.8443433E+00  -8.2955116E+00  -1.9314606E+00
   1.3333400E-01  -7.9616802E+00  -9.8975703E+00  -3.9723647E+00
   1.2541000E-01  -5.9901328E+00  -9.6141038E+00  -3.9723647E+00
   1.2645300E-01  -4.4848168E+00  -8.3097393E+00  -3.9723647E+00
   1.3332500E-01  -6.4381528E+00  -8.1660748E+00  -5.4664085E+00
   1.1545100E-01  -2.8635547E+00  -3.6490363E+00  -5.6296543E+00
   1.1363100E-01  -3.4247145E+00  -1.7378978E+00  -5.6296543E+00
   1.2351800E-01  -4.9300324E+00  -4.3353338E-01  -5.6296543E+00
   1.3019600E-01  -4.9300324E+00  -6.8645393E+00  -5.6296543E+00
   1.2077700E-01  -3.4247145E+00  -5.5601748E+00  -5.6296543E+00
   1.2118200E-01  -4.3576004E+00  -3.6490363E+00  -7.1236982E+00
   1.2856400E-01  -5.3780524E+00  -1.8815605E+00  -7.1236982E+00
   1.2769200E-01  -5.3780524E+00  -5.4165103E+00  -7.1236982E+00
   1.3610100E-01  -6.3985045E+00  -3.6490363E+00  -7.6705584E+00
   1.2311600E-01  -2.8609299E+00  -6.0117418E+00   3.8295864E+00
   1.1300800E-01  -2.4129099E+00  -7.4597708E+00   2.3355407E+00
   1.0578100E-01  -9.0759193E-01  -6.1554064E+00   2.3355407E+00
   1.2281000E-01  -3.3893728E+00  -8.2963147E+00   2.9463663E-01
   1.0804100E-01  -1.5626503E+00  -7.6035298E+00   2.9463663E-01
   1.0099700E-01  -2.6711844E-01  -6.1411786E+00   2.9463663E-01
   1.1956500E-01  -2.4129099E+00  -7.4597708E+00  -1.7462674E+00
   1.0748500E-01  -9.0759193E-01  -6.1554064E+00  -1.7462674E+00
   1.3997900E-01  -8.6888429E+00  -4.2537524E+00   5.7136432E+00
   1.2923400E-01  -7.6683909E+00  -6.0212264E+00   5.7136432E+00
   1.2580300E-01  -5.6274868E+00  -6.0212264E+00   5.7136432E+00
   1.5634800E-01  -1.0039698E+01  -5.2496626E+00   4.2195975E+00
   1.4061700E-01  -8.9628400E+00  -6.9252883E+00   4.2195975E+00
   1.2843200E-01  -7.1510160E+00  -7.7527199E+00   4.2195975E+00
   1.2264100E-01  -5.1794687E+00  -7.4692554E+00   4.2195975E+00
   1.4858800E-01  -8.0953688E+00  -8.0703092E+00   2.1786934E+00
   1.3570600E-01  -6.1559317E+00  -8.3057993E+00   2.1786934E+00
   1.1400900E-01  -7.0221991E+00   6.8535467E+00   2.2278263E+00
   1.0393900E-01  -6.1547279E+00   7.9985676E+00   1.8692225E-01
   1.1743700E-01  -7.7625767E+00   6.8887504E+00   1.8692225E-01
   1.1221700E-01  -7.0221991E+00   6.8535467E+00  -1.8539818E+00
   1.2613100E-01  -6.7482021E+00   4.1820109E+00  -3.3480256E+00
   8.1413000E-02  -3.5243314E+00   6.1101399E+00   6.2843405E+00
   7.3587000E-02  -1.0354092E+00   7.5581689E+00   4.7902948E+00
   8.3987000E-02  -3.0069566E+00   7.8416334E+00   4.7902948E+00
   9.5987000E-02  -4.8187805E+00   7.0142018E+00   4.7902948E+00
   1.6874500E-01  -1.0759986E+01  -3.9741240E+00   3.9134619E+00
   1.6228700E-01  -1.2800890E+01  -3.9741240E+00   3.3666035E+00
   1.6065300E-01  -1.1780438E+01  -5.7415998E+00   3.3666035E+00
   1.6635100E-01  -1.4151746E+01  -2.9782138E+00   1.8725578E+00
   1.6041800E-01  -1.4151746E+01  -4.9700342E+00   1.8725578E+00
   1.5927200E-01  -1.3074888E+01  -6.6456617E+00   1.8725578E+00
   1.6277000E-01  -1.1263064E+01  -7.4730934E+00   1.8725578E+00
   1.6831300E-01  -1.4723186E+01  -4.9509649E+00  -1.6834624E-01
   1.6575200E-01  -1.3815265E+01  -6.6808636E+00  -1.6834624E-01
   1.6892300E-01  -1.2207416E+01  -7.7906807E+00  -1.6834624E-01
   1.6117200E-01  -1.5397383E+01  -3.2825183E+00  -2.5600118E-01
   1.4022400E-01  -1.6748239E+01  -2.2866081E+00  -1.7500469E+00
   1.3789200E-01  -1.6748239E+01  -4.2784285E+00  -1.7500469E+00
   1.4506000E-01  -1.5671379E+01  -5.9540542E+00  -1.7500469E+00
   1.3537800E-01  -1.6411756E+01  -5.7577872E-01  -3.7909510E+00
   1.2874000E-01  -1.7319677E+01  -2.3056774E+00  -3.7909510E+00
   1.2731300E-01  -1.7319677E+01  -4.2593592E+00  -3.7909510E+00
   1.3146300E-01  -1.6411756E+01  -5.9892579E+00  -3.7909510E+00
   1.4242900E-01  -1.3859555E+01   2.1645110E-01  -5.8318550E+00
   1.3082800E-01  -1.5671379E+01  -6.1098054E-01  -5.8318550E+00
   1.2508100E-01  -1.6748239E+01  -2.2866081E+00  -5.8318550E+00
   1.2461300E-01  -1.6748239E+01  -4.2784285E+00  -5.8318550E+00
   1.2773000E-01  -1.5397383E+01  -3.2825183E+00  -7.3258989E+00
   1.4160900E-01  -7.0266248E+00  -3.2919310E+00  -7.7348091E+00
   1.4082800E-01  -7.5877865E+00  -1.3807925E+00  -7.7348091E+00
   1.4024400E-01  -9.0931026E+00  -7.6428078E-02  -7.7348091E+00
   1.3704600E-01  -1.1064650E+01   2.0703838E-01  -7.7348091E+00
   1.3428400E-01  -1.2876474E+01  -6.2039515E-01  -7.7348091E+00
   1.3900600E-01  -7.5877865E+00  -5.2030695E+00  -7.7348091E+00
   1.2775400E-01  -8.5206705E+00  -3.2919310E+00  -9.2288529E+00
   1.2764500E-01  -9.5411226E+00  -1.5244552E+00  -9.2288529E+00
   1.2581000E-01  -1.1582027E+01  -1.5244552E+00  -9.2288529E+00
   1.2536000E-01  -1.2602479E+01  -3.2919310E+00  -9.2288529E+00
   1.2585500E-01  -1.1582027E+01  -5.0594050E+00  -9.2288529E+00
   1.2629200E-01  -9.5411226E+00  -5.0594050E+00  -9.2288529E+00
   1.2326100E-01  -1.0561575E+01  -3.2919310E+00  -9.7757132E+00
   1.6545200E-01  -1.2530633E+01  -7.8694407E+00  -5.3757035E-01
   1.3884600E-01  -1.3825080E+01  -8.7735027E+00  -2.0316161E+00
   1.4155500E-01  -1.2013256E+01  -9.6009343E+00  -2.0316161E+00
   1.2782200E-01  -1.4565458E+01  -8.8087045E+00  -4.0725201E+00
   1.2756900E-01  -1.2957611E+01  -9.9185216E+00  -4.0725201E+00
   1.3249800E-01  -1.1018174E+01  -1.0154012E+01  -4.0725201E+00
   1.4450800E-01  -9.1914496E+00  -9.4612269E+00  -4.0725201E+00
   1.2350900E-01  -1.3825080E+01  -8.7735027E+00  -6.1134242E+00
   1.2414200E-01  -1.2013256E+01  -9.6009343E+00  -6.1134242E+00
   1.2992900E-01  -1.0041709E+01  -9.3174678E+00  -6.1134242E+00
   1.4129200E-01  -8.5363931E+00  -8.0131034E+00  -6.1134242E+00
   1.2549500E-01  -1.2530633E+01  -7.8694407E+00  -7.6074680E+00
   1.2930800E-01  -1.0489729E+01  -7.8694407E+00  -7.6074680E+00
   6.9977000E-02   9.2794995E-01   1.2719035E+01  -7.7494828E-01
   6.8928000E-02  -1.0435955E+00   1.3002500E+01  -7.7494828E-01
   7.2887000E-02   1.7782114E+00   1.2862794E+01  -2.8158523E+00
   6.8892000E-02  -4.8513046E-02   1.3555579E+01  -2.8158523E+00
   6.9277000E-02  -1.9879502E+00   1.3320089E+01  -2.8158523E+00
   7.2750000E-02  -3.5957971E+00   1.2210272E+01  -2.8158523E+00
   7.0380000E-02   9.2794995E-01   1.2719035E+01  -4.8567564E+00
   6.9110000E-02  -1.0435955E+00   1.3002500E+01  -4.8567564E+00
   7.1029000E-02  -2.8554194E+00   1.2175068E+01  -4.8567564E+00
   7.1262000E-02   1.5003839E+00   9.5035322E+00  -6.3508002E+00
   6.9905000E-02   4.7993182E-01   1.1271006E+01  -6.3508002E+00
   7.0208000E-02  -1.5609722E+00   1.1271006E+01  -6.3508002E+00
   7.0404000E-02  -5.4052021E-01   9.5035322E+00  -6.8976605E+00
   9.8045000E-02  -6.4028584E+00   7.7515842E+00  -3.1692311E+00
   1.1375900E-01  -6.4028584E+00   5.7979023E+00  -3.1692311E+00
   7.9784000E-02  -4.7545600E+00   9.4462791E+00  -5.2101352E+00
   8.9908000E-02  -5.8314204E+00   7.7706534E+00  -5.2101352E+00
   1.0058000E-01  -5.8314204E+00   5.7788331E+00  -5.2101352E+00
   9.9883000E-02  -4.7545600E+00   4.1032055E+00  -5.2101352E+00
   8.3079000E-02  -2.9427361E+00   3.2757739E+00  -5.2101352E+00
   7.6705000E-02  -3.4601129E+00   8.5422172E+00  -6.7041790E+00
   8.5312000E-02  -4.4805649E+00   6.7747433E+00  -6.7041790E+00
   8.5709000E-02  -3.4601129E+00   5.0072674E+00  -6.7041790E+00
   7.5457000E-02  -1.4192088E+00   5.0072674E+00  -6.7041790E+00
   7.6586000E-02  -2.4396608E+00   6.7747433E+00  -7.2510392E+00
   7.2473000E-02   1.6965960E-02   8.1674770E+00   3.3873905E+00
   7.1751000E-02  -1.0034861E+00   9.9349509E+00   3.3873905E+00
   7.8958000E-02  -3.0443901E+00   9.9349509E+00   3.3873905E+00
   9.4087000E-02  -4.0648422E+00   8.1674770E+00   3.3873905E+00
   6.8843000E-02  -5.5546795E-01   1.1382980E+01   1.8933448E+00
   7.2008000E-02  -2.5270134E+00   1.1666444E+01   1.8933448E+00
   7.9358000E-02  -4.3388373E+00   1.0839013E+01   1.8933448E+00
   9.1998000E-02  -5.4156977E+00   9.1633871E+00   1.8933448E+00
   7.3476000E-02  -3.4713681E+00   1.1984034E+01  -1.4755925E-01
   8.0606000E-02  -5.0792150E+00   1.0874217E+01  -1.4755925E-01
   9.3032000E-02  -5.9871376E+00   9.1443179E+00  -1.4755925E-01
   4.6458000E-02   1.6316047E+01  -7.1277838E+00  -1.6839065E+00
   5.0334000E-02   1.5848501E+01  -5.2308730E+00  -1.6839065E+00
   4.3532000E-02   1.4552971E+01  -1.0487046E+01  -1.6839065E+00
   4.4545000E-02   1.5848501E+01  -9.0246945E+00  -1.6839065E+00
   4.7525000E-02   1.5769189E+01  -7.1277838E+00  -3.7248106E+00
   5.0777000E-02   1.5208027E+01  -5.2166453E+00  -3.7248106E+00
   5.4908000E-02   1.3702709E+01  -3.9122808E+00  -3.7248106E+00
   4.3331000E-02   1.1731164E+01  -1.0626753E+01  -3.7248106E+00
   4.4413000E-02   1.3702709E+01  -1.0343287E+01  -3.7248106E+00
   4.5638000E-02   1.5208027E+01  -9.0389222E+00  -3.7248106E+00
   4.8140000E-02   1.4275143E+01  -7.1277838E+00  -5.2188544E+00
   4.9923000E-02   1.3254691E+01  -5.3603098E+00  -5.2188544E+00
   4.7280000E-02   1.1213787E+01  -5.3603098E+00  -5.2188544E+00
   4.4465000E-02   1.0193335E+01  -7.1277838E+00  -5.2188544E+00
   4.4801000E-02   1.1213787E+01  -8.8952596E+00  -5.2188544E+00
   4.6224000E-02   1.3254691E+01  -8.8952596E+00  -5.2188544E+00
   4.7434000E-02   1.2234239E+01  -7.1277838E+00  -5.7657146E+00
   4.3036000E-02   1.2460999E+01  -6.5929894E+00   5.6898043E+00
   4.4861000E-02   1.4501903E+01  -6.5929894E+00   5.1429460E+00
   4.5555000E-02   1.3481451E+01  -4.8255136E+00   5.1429460E+00
   4.2656000E-02   1.1440547E+01  -4.8255136E+00   5.1429460E+00
   3.9075000E-02   1.0420095E+01  -6.5929894E+00   5.1429460E+00
   4.0657000E-02   1.1440547E+01  -8.3604634E+00   5.1429460E+00
   4.2908000E-02   1.3481451E+01  -8.3604634E+00   5.1429460E+00
   4.5608000E-02   1.5995948E+01  -6.5929894E+00   3.6489003E+00
   4.7698000E-02   1.5434789E+01  -4.6818509E+00   3.6489003E+00
   4.8783000E-02   1.3929471E+01  -3.3774846E+00   3.6489003E+00
   4.2457000E-02   1.3929471E+01  -9.8084924E+00   3.6489003E+00
   4.3795000E-02   1.5434789E+01  -8.5041260E+00   3.6489003E+00
   4.5971000E-02   1.6542807E+01  -6.5929894E+00   1.6079962E+00
   4.9199000E-02   1.6075260E+01  -4.6960787E+00   1.6079962E+00
   5.4380000E-02   1.4779730E+01  -3.2337256E+00   1.6079962E+00
   4.4046000E-02   1.6075260E+01  -8.4899001E+00   1.6079962E+00
   2.9073000E-02   8.1373340E+00  -8.7491951E+00   3.9543083E+00
   3.8371000E-02   9.1577860E+00  -1.0516669E+01   3.9543083E+00
   4.0738000E-02   1.1198690E+01  -1.0516669E+01   3.9543083E+00
   3.8142000E-02   7.8633388E+00  -1.1420731E+01   2.4602626E+00
   4.1862000E-02   9.6751627E+00  -1.2248165E+01   2.4602626E+00
   4.2006000E-02   1.1646708E+01  -1.1964698E+01   2.4602626E+00
   3.6047000E-02   7.1229612E+00  -1.1455935E+01   4.1935854E-01
   4.1991000E-02   8.7308081E+00  -1.2565752E+01   4.1935854E-01
   4.2813000E-02   1.0670245E+01  -1.2801242E+01   4.1935854E-01
   4.2435000E-02   1.2496970E+01  -1.2108457E+01   4.1935854E-01
   3.8208000E-02   7.8633388E+00  -1.1420731E+01  -1.6215455E+00
   4.2106000E-02   9.6751627E+00  -1.2248165E+01  -1.6215455E+00
   4.2598000E-02   1.1646708E+01  -1.1964698E+01  -1.6215455E+00
   3.9549000E-02   9.1577860E+00  -1.0516669E+01  -3.1155893E+00
   3.4413000E-02   9.1973323E+00  -6.9577235E+00   5.3894853E+00
   3.7720000E-02   1.0166820E+01  -8.6369227E+00   5.3894853E+00
   4.0654000E-02   1.2650111E+01  -1.0272492E+01   4.4050439E+00
   4.1158000E-02   1.4421504E+01  -1.0606304E+01   2.8967893E+00
   4.0979000E-02   1.3624887E+01  -1.1955465E+01   1.0466436E+00
   4.1132000E-02   1.5262230E+01  -1.0719000E+01   1.0466436E+00
   4.2560000E-02   1.6342345E+01  -8.9745525E+00   1.0466436E+00
   4.5202000E-02   1.6719356E+01  -6.9577235E+00  -9.2224108E-01
   4.8926000E-02   1.6342345E+01  -4.9408927E+00  -9.2224108E-01
   4.1339000E-02   1.3624887E+01  -1.1955465E+01  -9.2224108E-01
   4.1778000E-02   1.5262230E+01  -1.0719000E+01  -9.2224108E-01
   4.3117000E-02   1.6342345E+01  -8.9745525E+00  -9.2224108E-01
   4.2100000E-02   1.2653471E+01  -1.1627080E+01  -2.7723887E+00
   3.8823000E-02   8.7499434E+00  -9.7117327E+00  -4.2806413E+00
   4.1974000E-02   1.0617699E+01  -1.0564708E+01  -4.2806413E+00
   3.5123000E-02   9.2163184E+00  -4.8866084E+00   5.5272879E+00
   3.7802000E-02   1.0185804E+01  -3.2074074E+00   5.1853949E+00
   3.9150000E-02   8.2468322E+00  -6.5658076E+00  -5.4691731E+00
   4.1802000E-02   9.2163184E+00  -4.8866084E+00  -5.8110680E+00
   3.6745000E-02   9.7907611E+00  -2.3127941E+00   5.0529667E+00
   4.1057000E-02   1.1729735E+01  -2.3127941E+00   4.7110737E+00
   3.9427000E-02   1.0760249E+01  -6.3359300E-01   4.7110737E+00
   4.6525000E-02   1.3434839E+01  -2.3127941E+00   3.7266322E+00
   4.5401000E-02   1.2856356E+01  -3.4265645E-01   3.7266322E+00
   4.5102000E-02   1.1304566E+01   1.0019762E+00   3.7266322E+00
   4.7242000E-02   1.1729735E+01  -2.3127941E+00  -5.9434944E+00
   5.0018000E-02   1.0760249E+01  -6.3359300E-01  -5.9434944E+00
   4.1508000E-02   8.8212749E+00  -3.9919932E+00  -5.9434944E+00
   4.4374000E-02   1.0760249E+01  -3.9919932E+00  -5.9434944E+00
   4.4400000E-02   9.7907611E+00  -2.3127941E+00  -6.2853893E+00
   4.0075000E-02   8.5927145E+00   8.1768821E-01   4.6354846E+00
   4.7491000E-02   7.6232283E+00  -8.6151096E-01  -6.3609783E+00
   4.4133000E-02   5.4027474E+00   3.1938127E+00   4.4293571E+00
   4.5031000E-02   6.3722354E+00   4.8730118E+00   4.0874641E+00
   4.8243000E-02   4.4332613E+00   4.8730118E+00   4.0874641E+00
   5.8548000E-02   3.4637751E+00   3.1938127E+00  -6.5671039E+00
   5.5782000E-02   4.4332613E+00   1.5146116E+00  -6.5671039E+00
   5.2962000E-02   5.4027474E+00   3.1938127E+00  -6.9089988E+00
   5.1989000E-02   3.6641503E+00   7.0261543E+00   3.7150407E+00
   5.0205000E-02   4.6336384E+00   8.7053535E+00   3.3731477E+00
   5.6891000E-02   2.6946642E+00   8.7053535E+00   3.3731477E+00
   5.1729000E-02   5.1779550E+00   1.0340925E+01   2.3887062E+00
   5.8818000E-02   3.1455453E+00   1.0633140E+01   2.3887062E+00
   4.7320000E-02   6.9493502E+00   1.0674737E+01   8.8045168E-01
   4.8578000E-02   6.7297451E+00   8.9962919E+00  -6.2969790E+00
   5.6751000E-02   4.6336384E+00   8.7053535E+00  -7.2814204E+00
   6.3289000E-02   2.6946642E+00   8.7053535E+00  -7.2814204E+00
   6.3788000E-02   1.7251781E+00   7.0261543E+00  -7.2814204E+00
   5.9550000E-02   2.6946642E+00   5.3469551E+00  -7.2814204E+00
   5.7503000E-02   3.6641503E+00   7.0261543E+00  -7.6233153E+00
   5.3691000E-02   3.1653893E+00   6.0963789E+00   3.7662107E+00
   5.7551000E-02   2.1959032E+00   7.7755780E+00   3.7662107E+00
   6.7434000E-02   2.5693092E-01   4.4171778E+00  -6.8883574E+00
   6.1052000E-02   2.1959032E+00   4.4171778E+00  -6.8883574E+00
   6.4257000E-02   1.2264170E+00   6.0963789E+00  -7.2302523E+00
   4.1519000E-02   7.5268183E+00   1.7122939E+00   4.5351817E+00
   4.2823000E-02   9.4657924E+00   1.7122939E+00   4.1932887E+00
   4.3640000E-02   8.4963063E+00   3.3914950E+00   4.1932887E+00
   4.8630000E-02   1.1170896E+01   1.7122939E+00   3.2088473E+00
   4.8726000E-02   1.0592411E+01   3.6824316E+00   3.2088473E+00
   4.4792000E-02   9.0406230E+00   5.0270642E+00   3.2088473E+00
   5.9316000E-02   1.1170896E+01   1.7122939E+00  -5.4768379E+00
   5.2456000E-02   9.4657924E+00   1.7122939E+00  -6.4612793E+00
   4.9665000E-02   8.4963063E+00   3.3914950E+00  -6.4612793E+00
   5.0246000E-02   6.5573322E+00   3.3094771E-02  -6.4612793E+00
   4.9195000E-02   8.4963063E+00   3.3094771E-02  -6.4612793E+00
   5.0757000E-02   7.5268183E+00   1.7122939E+00  -6.8031742E+00
   6.5745000E-02   4.4040442E-01   1.1030614E+01   2.4132727E+00
   6.6084000E-02   4.4376624E-01   1.2385200E+01   9.0501812E-01
   6.7724000E-02  -1.5865988E+00   1.2598601E+01   9.0501812E-01
   6.8705000E-02  -2.6012740E+00   1.3085765E+01  -9.4512756E-01
   7.3084000E-02  -4.4379402E+00   1.2171215E+01  -9.4512756E-01
   8.1690000E-02  -5.8202049E+00   1.0654942E+01  -9.4512756E-01
   9.5666000E-02  -6.5613894E+00   8.7417269E+00  -9.4512756E-01
   7.2333000E-02  -4.4379402E+00   1.2171215E+01  -2.9140123E+00
   7.9473000E-02  -5.8202049E+00   1.0654942E+01  -2.9140123E+00
   9.1567000E-02  -6.5613894E+00   8.7417269E+00  -2.9140123E+00
   7.6127000E-02  -5.0453926E+00   1.0601665E+01  -4.7641598E+00
   7.2282000E-02  -3.4597633E+00   1.0469853E+01  -6.2724125E+00
   6.6634000E-02   8.6557198E-01   7.7158438E+00  -7.2568539E+00
   7.0640000E-02  -2.0428864E+00   9.3950430E+00  -7.2568539E+00
   6.8589000E-02  -1.0391414E-01   6.0366446E+00  -7.2568539E+00
   7.0079000E-02  -1.0734003E+00   7.7158438E+00  -7.5987488E+00
   7.2152000E-02  -8.1645800E-01   3.5263496E+00  -6.2288430E+00
   6.8109000E-02   1.5302812E-01   1.8471505E+00  -6.2288430E+00
   1.0202300E-01  -6.4359834E+00  -2.8503304E+00   9.1614842E+00
   1.1942300E-01  -8.0216109E+00  -2.9821426E+00   7.6532296E+00
   7.4679000E-02  -5.5845655E+00   2.1511223E+00   1.0678934E+01
   8.1674000E-02  -5.5845655E+00   9.7812217E-02   1.0678934E+01
   7.9956000E-02  -4.4744630E+00  -1.6295428E+00   1.0678934E+01
   7.0241000E-02  -2.6067050E+00  -2.4825198E+00   1.0678934E+01
   8.2244000E-02  -6.0600924E+00   4.0102877E+00   9.1706796E+00
   6.8392000E-02  -5.7093346E-01  -3.5448897E+00   9.1706796E+00
   8.6626000E-02  -5.4526399E+00   5.5798374E+00   7.3205339E+00
   7.2381000E-02   4.0048018E-01  -3.8732750E+00   7.3205339E+00
   8.5062000E-02   4.0048018E-01  -3.8732750E+00   5.3516492E+00
   1.2344300E-01  -1.0616061E+01   3.0299111E+00   5.1571548E+00
   1.2602800E-01  -1.2201690E+01   3.1617232E+00   3.6489003E+00
   1.3060000E-01  -9.3227081E+00   5.1396956E+00  -2.4434705E+00
   1.2787000E-01  -1.1365721E+01   4.9503829E+00  -2.4434705E+00
   1.2775000E-01  -1.2292671E+01   3.8323454E+00  -4.2936181E+00
   1.3266000E-01  -1.2224208E+01   2.3344711E+00  -5.8018707E+00
   4.5996000E-02   5.7787726E+00   5.6410116E+00   3.8681085E+00
   4.3068000E-02   7.7177449E+00   5.6410116E+00   3.5262155E+00
   4.2551000E-02   6.7482587E+00   7.3202127E+00   3.5262155E+00
   4.4512000E-02   9.4228503E+00   5.6410116E+00   2.5417741E+00
   3.8803000E-02   8.8443655E+00   7.6111492E+00   2.5417741E+00
   4.1483000E-02   7.2925773E+00   8.9557818E+00   2.5417741E+00
   3.8799000E-02   1.0263964E+01   7.6379474E+00   1.0335195E+00
   3.7163000E-02   9.0639705E+00   9.2895944E+00   1.0335195E+00
   4.4511000E-02   7.2959391E+00   1.0310370E+01   1.0335195E+00
   3.9729000E-02   1.0984811E+01   7.6578424E+00  -8.1662619E-01
   3.5741000E-02   9.9046964E+00   9.4022882E+00  -8.1662619E-01
   4.2516000E-02   8.2673528E+00   1.0638755E+01  -8.1662619E-01
   3.9107000E-02   1.0984811E+01   7.6578424E+00  -2.7855109E+00
   3.6062000E-02   9.9046964E+00   9.4022882E+00  -2.7855109E+00
   4.4214000E-02   8.2673528E+00   1.0638755E+01  -2.7855109E+00
   4.8686000E-02   1.0688424E+01   5.6410116E+00  -4.6356585E+00
   3.7910000E-02   1.0263964E+01   7.6379474E+00  -4.6356585E+00
   3.8712000E-02   9.0639705E+00   9.2895944E+00  -4.6356585E+00
   4.3116000E-02   9.4228503E+00   5.6410116E+00  -6.1439111E+00
   3.9322000E-02   8.8443655E+00   7.6111492E+00  -6.1439111E+00
   4.5633000E-02   7.2925773E+00   8.9557818E+00  -6.1439111E+00
   4.3646000E-02   7.7177449E+00   5.6410116E+00  -7.1283526E+00
   4.5571000E-02   6.7482587E+00   7.3202127E+00  -7.1283526E+00
   5.3471000E-02   4.8092865E+00   3.9618124E+00  -7.1283526E+00
   4.8381000E-02   6.7482587E+00   3.9618124E+00  -7.1283526E+00
   4.8772000E-02   5.7787726E+00   5.6410116E+00  -7.4702475E+00
   1.3868500E-01  -1.5425508E+01  -6.9298746E+00  -1.1623421E+00
   1.2798500E-01  -1.6200320E+01  -6.9831498E+00  -3.0124878E+00
   1.2197700E-01  -1.6200320E+01  -6.9831498E+00  -4.9813725E+00
   1.3094100E-01  -1.3908342E+01   2.0783017E-01  -6.8315201E+00
   1.1958700E-01  -1.6255880E+01  -5.0648266E+00  -6.8315201E+00
   1.1857900E-01  -1.5425508E+01  -6.9298746E+00  -6.8315201E+00
   1.3360300E-01  -8.1683179E+00  -7.6926361E+00  -6.8315201E+00
   1.2360500E-01  -1.3839879E+01  -1.2900441E+00  -8.3397727E+00
   1.1959700E-01  -1.4949981E+01  -3.0173973E+00  -8.3397727E+00
   1.1725700E-01  -1.4949981E+01  -5.0707093E+00  -8.3397727E+00
   1.1746700E-01  -1.3839879E+01  -6.7980625E+00  -8.3397727E+00
   1.2008000E-01  -1.1972123E+01  -7.6510394E+00  -8.3397727E+00
   1.2359200E-01  -9.9397111E+00  -7.3588217E+00  -8.3397727E+00
   1.1872400E-01  -1.3392488E+01  -4.0440533E+00  -9.3242142E+00
   1.1840300E-01  -1.2423002E+01  -5.7232525E+00  -9.3242142E+00
   1.1855100E-01  -3.1437349E+00  -8.1038537E+00  -2.8365335E+00
   1.1858500E-01  -3.9844608E+00  -7.9911599E+00  -4.6866811E+00
   1.1601700E-01  -2.7844678E+00  -6.3395110E+00  -4.6866811E+00
   1.3661800E-01  -7.7882638E+00  -7.9495632E+00  -6.1949338E+00
   1.2505500E-01  -5.7558540E+00  -7.6573455E+00  -6.1949338E+00
   1.1671900E-01  -4.2709584E+00  -8.1350814E+00   3.2766242E+00
   1.2566300E-01  -5.2729856E+00  -9.0249590E+00   1.4264786E+00
   9.8537000E-02  -5.6408831E+00   7.4361379E+00   4.0041687E+00
   1.1313300E-01  -7.1580477E+00   6.0700758E+00   4.0041687E+00
   1.0507300E-01  -4.6397176E+00   1.2222105E+00  -4.8305516E+00
   9.0885000E-02  -1.6618572E+00  -1.3581196E+00  -4.8305516E+00
   7.0526000E-02   3.7055448E-01  -1.0659037E+00  -4.8305516E+00
   8.5457000E-02  -3.0822243E+00   2.2488665E+00  -5.8149930E+00
   8.2610000E-02  -2.1127382E+00   5.6966546E-01  -5.8149930E+00
   7.0303000E-02  -1.7376408E-01   5.6966546E-01  -5.8149930E+00
   7.3265000E-02  -1.1432502E+00   2.2488665E+00  -6.1568879E+00
   3.7328000E-02  -4.8751529E-01   2.1676159E+00   1.3159891E+01
   3.1706000E-02   1.4514588E+00   2.1676159E+00   1.2817998E+01
   3.2508000E-02   4.8197083E-01   3.8468150E+00   1.2817998E+01
   3.9128000E-02  -1.4570014E+00   3.8468150E+00   1.2817998E+01
   4.5807000E-02  -2.4264875E+00   2.1676159E+00   1.2817998E+01
   4.5067000E-02  -1.4570014E+00   4.8841669E-01   1.2817998E+01
   3.7540000E-02   4.8197083E-01   4.8841669E-01   1.2817998E+01
   2.8681000E-02   3.1565624E+00   2.1676159E+00   1.1833557E+01
   2.8023000E-02   2.5780776E+00   4.1377535E+00   1.1833557E+01
   3.1243000E-02   1.0262894E+00   5.4823861E+00   1.1833557E+01
   3.7686000E-02  -1.0061204E+00   5.7746020E+00   1.1833557E+01
   4.6090000E-02  -2.8738783E+00   4.9216250E+00   1.1833557E+01
   5.4713000E-02  -3.9839808E+00   3.1942719E+00   1.1833557E+01
   6.0221000E-02  -3.9839808E+00   1.1409599E+00   1.1833557E+01
   5.8810000E-02  -2.8738783E+00  -5.8639331E-01   1.1833557E+01
   5.0922000E-02  -1.0061204E+00  -1.4393703E+00   1.1833557E+01
   4.1083000E-02   1.0262894E+00  -1.1471525E+00   1.1833557E+01
   3.3171000E-02   2.5780776E+00   1.9747826E-01   1.1833557E+01
   2.8252000E-02   4.4221364E+00   2.1676159E+00   1.0325302E+01
   2.7401000E-02   3.9976756E+00   4.1645517E+00   1.0325302E+01
   2.9339000E-02   2.7976845E+00   5.8161986E+00   1.0325302E+01
   3.4011000E-02   1.0296512E+00   6.8369719E+00   1.0325302E+01
   4.0983000E-02  -1.0007138E+00   7.0503730E+00   1.0325302E+01
   4.9761000E-02  -2.9423412E+00   6.4194993E+00   1.0325302E+01
   6.0123000E-02  -4.4595077E+00   5.0534372E+00   1.0325302E+01
   4.8758000E-02   1.0296512E+00  -2.5017402E+00   1.0325302E+01
   3.8533000E-02   2.7976845E+00  -1.4809669E+00   1.0325302E+01
   3.1844000E-02   3.9976756E+00   1.7068005E-01   1.0325302E+01
   3.0400000E-02   5.0955365E+00   2.1676159E+00   8.4751565E+00
   2.9916000E-02   4.7185249E+00   4.1844467E+00   8.4751565E+00
   3.1824000E-02   3.6384085E+00   5.9288925E+00   8.4751565E+00
   3.6369000E-02   2.0010649E+00   7.1653572E+00   8.4751565E+00
   4.3361000E-02   2.7624015E-02   7.7268496E+00   8.4751565E+00
   5.2422000E-02  -2.0153890E+00   7.5375368E+00   8.4751565E+00
   6.3535000E-02  -3.8520552E+00   6.6229869E+00   8.4751565E+00
   5.0588000E-02   2.0010649E+00  -2.8301255E+00   8.4751565E+00
   3.9376000E-02   3.6384085E+00  -1.5936607E+00   8.4751565E+00
   3.3209000E-02   4.7185249E+00   1.5078502E-01   8.4751565E+00
   3.5083000E-02   5.0955365E+00   2.1676159E+00   6.5062718E+00
   3.5516000E-02   4.7185249E+00   4.1844467E+00   6.5062718E+00
   3.8250000E-02   3.6384085E+00   5.9288925E+00   6.5062718E+00
   4.4080000E-02   2.0010649E+00   7.1653572E+00   6.5062718E+00
   5.3108000E-02   2.7624015E-02   7.7268496E+00   6.5062718E+00
   6.4905000E-02  -2.0153890E+00   7.5375368E+00   6.5062718E+00
   7.9119000E-02  -3.8520552E+00   6.6229869E+00   6.5062718E+00
   5.8628000E-02   2.0010649E+00  -2.8301255E+00   6.5062718E+00
   4.3295000E-02   3.6384085E+00  -1.5936607E+00   6.5062718E+00
   3.6795000E-02   4.7185249E+00   1.5078502E-01   6.5062718E+00
   4.4846000E-02   3.9976756E+00   4.1645517E+00   4.6561242E+00
   4.9806000E-02   2.7976845E+00   5.8161986E+00   4.6561242E+00
   5.9770000E-02   1.0296512E+00   6.8369719E+00   4.6561242E+00
   1.0826500E-01  -4.7279659E+00   9.6302704E-01  -4.9098143E+00
   4.2238000E-02   5.1250862E+00   2.0618385E+00   4.5655648E+00
   4.4644000E-02   4.1556000E+00   3.7410376E+00   4.5655648E+00
   6.6089000E-02   7.9975094E-01  -6.9217261E-01  -5.1045619E+00
   5.9416000E-02   2.2166278E+00   3.8263739E-01  -6.0890033E+00
   5.4387000E-02   4.1556000E+00   3.8263739E-01  -6.0890033E+00
   5.8821000E-02   3.1861139E+00   2.0618385E+00  -6.4308982E+00
   3.9191000E-02   5.0437769E+00  -2.8136319E+00   6.4513639E+00
   3.5223000E-02   7.0876271E+00  -2.8136319E+00   6.1276501E+00
   3.6985000E-02   6.0657029E+00  -1.0436050E+00   6.1276501E+00
   4.1187000E-02   4.0218509E+00  -1.0436050E+00   6.1276501E+00
   5.0862000E-02   2.9999249E+00  -2.8136319E+00   6.1276501E+00
   4.4011000E-02   4.0218509E+00  -4.5836589E+00   6.1276501E+00
   3.4789000E-02   6.0657029E+00  -4.5836589E+00   6.1276501E+00
   3.5275000E-02   8.9314119E+00  -2.8136319E+00   5.1881955E+00
   3.6883000E-02   8.4105676E+00  -8.6981253E-01   5.1881955E+00
   3.8801000E-02   6.9875944E+00   5.5316059E-01   5.1881955E+00
   3.9580000E-02   5.0437769E+00   1.0740050E+00   5.1881955E+00
   6.6379000E-02   1.6769844E+00  -4.7574494E+00   5.1881955E+00
   4.8932000E-02   3.0999594E+00  -6.1804225E+00   5.1881955E+00
   6.8833000E-02   1.2601392E+00  -6.5972696E+00   3.7249598E+00
   4.4803000E-02   2.9960869E+00  -7.7571910E+00   3.7249598E+00
   7.4031000E-02   7.8345394E-01  -7.4415746E+00   1.8811750E+00
   8.4774000E-02   1.9534098E-01  -7.3123212E+00  -1.6267706E-01
   5.7546000E-02   1.7367564E+00  -8.5415596E+00  -1.6267706E-01
   7.3982000E-02   7.8345394E-01  -7.4415746E+00  -2.2065272E+00
   4.9554000E-02   2.5169808E+00  -8.5741441E+00  -2.2065272E+00
   8.4600000E-02   1.0021595E-01  -4.8613220E+00  -4.0503121E+00
   6.8117000E-02   1.2601392E+00  -6.5972696E+00  -4.0503121E+00
   4.9327000E-02   2.9960869E+00  -7.7571910E+00  -4.0503121E+00
   6.0844000E-02   1.6769844E+00  -8.6981253E-01  -5.5135477E+00
   6.7528000E-02   1.1561400E+00  -2.8136319E+00  -5.5135477E+00
   6.3977000E-02   1.6769844E+00  -4.7574494E+00  -5.5135477E+00
   5.2327000E-02   3.0999594E+00  -6.1804225E+00  -5.5135477E+00
   4.1320000E-02   5.0437769E+00  -6.7012669E+00  -5.5135477E+00
   3.7801000E-02   6.9875944E+00  -6.1804225E+00  -5.5135477E+00
   4.4229000E-02   7.0876271E+00  -2.8136319E+00  -6.4530023E+00
   4.8771000E-02   6.0657029E+00  -1.0436050E+00  -6.4530023E+00
   5.2589000E-02   4.0218509E+00  -1.0436050E+00  -6.4530023E+00
   5.5169000E-02   2.9999249E+00  -2.8136319E+00  -6.4530023E+00
   4.9486000E-02   4.0218509E+00  -4.5836589E+00  -6.4530023E+00
   4.3335000E-02   6.0657029E+00  -4.5836589E+00  -6.4530023E+00
   4.8109000E-02   5.0437769E+00  -2.8136319E+00  -6.7767180E+00
   3.1467000E-02   6.7729102E+00  -5.4441078E+00   5.8069673E+00
   3.1434000E-02   5.8034222E+00  -7.1233070E+00   5.4650743E+00
   3.0417000E-02   7.7423963E+00  -7.1233070E+00   5.4650743E+00
   3.4831000E-02   4.3865453E+00  -8.1981170E+00   4.4806329E+00
   2.9490000E-02   6.2543033E+00  -9.0510940E+00   4.4806329E+00
   4.5004000E-02   2.8009178E+00  -8.3299292E+00   2.9723784E+00
   3.3271000E-02   4.3180825E+00  -9.6959913E+00   2.9723784E+00
   2.9970000E-02   6.2597117E+00  -1.0326865E+01   2.9723784E+00
   3.7811000E-02   3.4083703E+00  -9.8994789E+00   1.1222327E+00
   3.0880000E-02   5.2450346E+00  -1.0814029E+01   1.1222327E+00
   3.8821000E-02   3.4083703E+00  -9.8994789E+00  -8.4665204E-01
   3.1725000E-02   5.2450346E+00  -1.0814029E+01  -8.4665204E-01
   3.6114000E-02   4.3180825E+00  -9.6959913E+00  -2.6967996E+00
   3.2259000E-02   6.2597117E+00  -1.0326865E+01  -2.6967996E+00
   3.8958000E-02   4.3865453E+00  -8.1981170E+00  -4.2050523E+00
   3.3945000E-02   6.2543033E+00  -9.0510940E+00  -4.2050523E+00
   3.7173000E-02   5.8034222E+00  -7.1233070E+00  -5.1894937E+00
   3.7038000E-02   7.7423963E+00  -7.1233070E+00  -5.1894937E+00
   5.1610000E-02   1.5228242E+01  -1.5663277E+00   1.9431882E+00
   5.2738000E-02   1.4665347E+01   3.5071614E-01   1.9431882E+00
   5.6220000E-02   1.3155377E+01   1.6591133E+00   1.9431882E+00
   5.3379000E-02   1.6103999E+01  -1.5663277E+00   1.2465766E-01
   5.5194000E-02   1.5666121E+01   3.5214666E-01   1.2465766E-01
   6.0122000E-02   1.4439211E+01   1.8906444E+00   1.2465766E-01
   5.3581000E-02   1.5666121E+01  -3.4848021E+00   1.2465766E-01
   5.4187000E-02   1.6103999E+01  -1.5663277E+00  -1.8937606E+00
   5.6659000E-02   1.5666121E+01   3.5214666E-01  -1.8937606E+00
   6.2954000E-02   1.4439211E+01   1.8906444E+00  -1.8937606E+00
   5.3853000E-02   1.5666121E+01  -3.4848021E+00  -1.8937606E+00
   5.4088000E-02   1.5228242E+01  -1.5663277E+00  -3.7122911E+00
   5.7563000E-02   1.4665347E+01   3.5071614E-01  -3.7122911E+00
   6.6168000E-02   1.3155377E+01   1.6591133E+00  -3.7122911E+00
   5.3433000E-02   1.4665347E+01  -3.4833716E+00  -3.7122911E+00
   5.2712000E-02   1.3650179E+01  -1.5663277E+00  -4.9707541E+00
   5.7169000E-02   1.2666274E+01   1.3784795E-01  -4.9707541E+00
   5.6388000E-02   5.4054762E+00   1.2232030E+01   3.7849511E-01
   6.2683000E-02   3.4278363E+00   1.2516371E+01   3.7849511E-01
   4.5936000E-02   7.9162190E+00   1.0925065E+01  -1.4400355E+00
   5.3879000E-02   6.6893087E+00   1.2463561E+01  -1.4400355E+00
   5.9612000E-02   4.9163735E+00   1.3317364E+01  -1.4400355E+00
   6.5661000E-02   2.9485621E+00   1.3317364E+01  -1.4400355E+00
   4.7564000E-02   7.9162190E+00   1.0925065E+01  -3.4584537E+00
   5.4841000E-02   6.6893087E+00   1.2463561E+01  -3.4584537E+00
   6.0433000E-02   4.9163735E+00   1.3317364E+01  -3.4584537E+00
   6.6672000E-02   2.9485621E+00   1.3317364E+01  -3.4584537E+00
   5.2451000E-02   6.9154466E+00   1.0923635E+01  -5.2769842E+00
   5.8771000E-02   5.4054762E+00   1.2232030E+01  -5.2769842E+00
   6.5041000E-02   3.4278363E+00   1.2516371E+01  -5.2769842E+00
   5.9088000E-02   4.9163735E+00   1.0710765E+01  -6.5354473E+00
   6.5932000E-02   2.9485621E+00   1.0710765E+01  -6.5354473E+00
   6.1670000E-02   1.2720522E+01   2.6345010E+00   1.3441451E+00
   5.7022000E-02   1.2157626E+01   4.5515449E+00   1.3441451E+00
   4.9002000E-02   1.0647657E+01   5.8599420E+00   1.3441451E+00
   6.7117000E-02   1.3596280E+01   2.6345010E+00  -4.7438547E-01
   6.1124000E-02   1.3158400E+01   4.5529754E+00  -4.7438547E-01
   5.3329000E-02   1.1931490E+01   6.0914731E+00  -4.7438547E-01
   6.7401000E-02   1.3596280E+01   2.6345010E+00  -2.4928037E+00
   6.1631000E-02   1.3158400E+01   4.5529754E+00  -2.4928037E+00
   5.3189000E-02   1.1931490E+01   6.0914731E+00  -2.4928037E+00
   6.3842000E-02   1.2720522E+01   2.6345010E+00  -4.3113343E+00
   5.8663000E-02   1.2157626E+01   4.5515449E+00  -4.3113343E+00
   5.8818000E-02   1.1142459E+01   2.6345010E+00  -5.5697973E+00
   5.2580000E-02   1.0158555E+01   4.3386767E+00  -5.5697973E+00
   1.0858000E-01  -1.8587628E+00  -3.5371135E+00  -4.4737562E+00
   8.6041000E-02  -8.7485810E-01  -1.8329397E+00  -4.9228968E+00
   9.0858000E-02  -6.8797969E+00   2.2994696E+00   9.5454614E+00
   9.7738000E-02  -7.8637016E+00   5.9529581E-01   9.5454614E+00
   9.9972000E-02  -8.2179440E+00   3.2750879E+00   8.2869984E+00
   1.0657000E-01  -9.2981322E+00   1.5942824E+00   8.2869984E+00
   1.1149600E-01  -9.2981322E+00  -4.0369271E-01   8.2869984E+00
   1.1324300E-01  -8.2179440E+00  -2.0844982E+00   8.2869984E+00
   1.0480400E-01  -6.8797969E+00   4.9060669E+00   6.4684678E+00
   1.1133800E-01  -8.6527322E+00   4.0522660E+00   6.4684678E+00
   1.1871900E-01  -9.8796424E+00   2.5137683E+00   6.4684678E+00
   9.5903000E-02  -4.9768069E+00  -3.8395094E+00   9.2771203E+00
   8.6852000E-02  -3.0089956E+00  -3.8395094E+00   9.2771203E+00
   1.0886000E-01  -6.3149559E+00  -4.8151276E+00   8.0186573E+00
   1.0032000E-01  -4.4975327E+00  -5.6451161E+00   8.0186573E+00
   9.1070000E-02  -2.5198929E+00  -5.3607747E+00   8.0186573E+00
   1.1424700E-01  -4.9768069E+00  -6.4461067E+00   6.2001267E+00
   1.0296300E-01  -3.0089956E+00  -6.4461067E+00   6.2001267E+00
   9.2899000E-02  -1.2360584E+00  -5.5923058E+00   6.2001267E+00
   1.0513700E-01  -1.2360584E+00  -5.5923058E+00   4.1817085E+00
   1.2285000E-01  -9.1626067E+00   4.0417686E+00   5.0290163E+00
   1.1569700E-01  -8.6833325E+00   5.8473753E+00   3.7705533E+00
   1.1807200E-01  -1.0500756E+01   5.0173850E+00   3.7705533E+00
   1.1497000E-01  -9.1626067E+00   6.6483659E+00   1.9520227E+00
   1.1821700E-01  -1.0935544E+01   5.7945651E+00   1.9520227E+00
   1.2803800E-01  -1.2162454E+01   4.2560673E+00   1.9520227E+00
   1.1815800E-01  -9.1626067E+00   6.6483659E+00  -6.6395523E-02
   1.2294600E-01  -1.0935544E+01   5.7945651E+00  -6.6395523E-02
   1.2442800E-01  -8.6833325E+00   5.8473753E+00  -1.8849261E+00
   1.2293600E-01  -1.1110238E+01  -4.2897725E-01   6.6466217E+00
   1.2873600E-01  -1.0126333E+01  -2.1331529E+00   6.6466217E+00
   1.2207600E-01  -1.1464480E+01   2.2508148E+00   5.3881587E+00
   1.2449900E-01  -1.2544668E+01   5.7000939E-01   5.3881587E+00
   1.3108400E-01  -1.2544668E+01  -1.4279658E+00   5.3881587E+00
   1.3895800E-01  -1.1464480E+01  -3.1087693E+00   5.3881587E+00
   1.3300900E-01  -1.3126180E+01   1.4894971E+00   3.5696281E+00
   1.4090100E-01  -1.3564058E+01  -4.2897725E-01   3.5696281E+00
   1.5377300E-01  -1.3126180E+01  -2.3474516E+00   3.5696281E+00
   1.4363200E-01  -1.3761533E+01   2.2105448E-01   2.8161471E+00
   1.2860500E-01  -1.4115773E+01   2.9008466E+00   1.5576841E+00
   1.3128600E-01  -1.5195961E+01   1.2200430E+00   1.5576841E+00
   1.4345200E-01  -1.5195961E+01  -7.7793405E-01   1.5576841E+00
   1.2841600E-01  -1.2777626E+01   4.5318256E+00  -2.6084644E-01
   1.2380200E-01  -1.4550563E+01   3.6780247E+00  -2.6084644E-01
   1.2568800E-01  -1.5777473E+01   2.1395289E+00  -2.6084644E-01
   1.3399500E-01  -1.6215353E+01   2.2105448E-01  -2.6084644E-01
   1.5103400E-01  -1.5777473E+01  -1.6974199E+00  -2.6084644E-01
   1.2650000E-01  -1.2777626E+01   4.5318256E+00  -2.2792647E+00
   1.2328700E-01  -1.4550563E+01   3.6780247E+00  -2.2792647E+00
   1.2630400E-01  -1.5777473E+01   2.1395289E+00  -2.2792647E+00
   1.3667200E-01  -1.6215353E+01   2.2105448E-01  -2.2792647E+00
   1.2755000E-01  -1.4115773E+01   2.9008466E+00  -4.0977952E+00
   1.3429900E-01  -1.5195961E+01   1.2200430E+00  -4.0977952E+00
   1.1848800E-01  -6.2552028E+00   3.7971134E+00  -4.2011160E+00
   1.2317800E-01  -8.0281399E+00   4.6509142E+00  -4.2011160E+00
   1.2579400E-01  -9.9959513E+00   4.6509142E+00  -4.2011160E+00
   1.2264800E-01  -5.4661723E+00   3.4014312E-01  -6.0196465E+00
   1.1582800E-01  -6.0290668E+00   2.2571870E+00  -6.0196465E+00
   1.1800500E-01  -7.5390373E+00   3.5655822E+00  -6.0196465E+00
   1.2112200E-01  -9.5166752E+00   3.8499236E+00  -6.0196465E+00
   1.2727900E-01  -1.1334098E+01   3.0199352E+00  -6.0196465E+00
   1.2959800E-01  -7.0442333E+00   3.4014312E-01  -7.2781096E+00
   1.2237400E-01  -8.0281399E+00   2.0443169E+00  -7.2781096E+00
   1.2687100E-01  -9.9959513E+00   2.0443169E+00  -7.2781096E+00
   1.4628800E-01  -9.7806586E+00  -9.0783929E+00   8.9628003E-01
   1.3070700E-01  -7.9632354E+00  -9.9083833E+00   8.9628003E-01
   1.2573100E-01  -5.9855956E+00  -9.6240400E+00   8.9628003E-01
   1.4149400E-01  -1.0215447E+01  -9.8555711E+00  -9.2225053E-01
   1.2682700E-01  -8.4425096E+00  -1.0709374E+01  -9.2225053E-01
   1.1971500E-01  -6.4746982E+00  -1.0709374E+01  -9.2225053E-01
   1.1854100E-01  -4.7017630E+00  -9.8555711E+00  -9.2225053E-01
   1.2621200E-01  -8.4425096E+00  -1.0709374E+01  -2.9406688E+00
   1.1824200E-01  -6.4746982E+00  -1.0709374E+01  -2.9406688E+00
   1.1603900E-01  -4.7017630E+00  -9.8555711E+00  -2.9406688E+00
   1.2731000E-01  -7.9632354E+00  -9.9083833E+00  -4.7591993E+00
   1.1965200E-01  -5.9855956E+00  -9.6240400E+00  -4.7591993E+00
   1.0975200E-01  -1.9768726E+00  -3.6490363E+00  -4.5979584E+00
   1.1509100E-01  -2.4147504E+00  -5.5675107E+00  -4.5979584E+00
   1.0887800E-01  -2.8526302E+00  -3.6490363E+00  -6.4164890E+00
   1.0905600E-01  -3.4155248E+00  -1.7319925E+00  -6.4164890E+00
   1.1918000E-01  -4.9254952E+00  -4.2359531E-01  -6.4164890E+00
   1.2184900E-01  -4.9254952E+00  -6.8744754E+00  -6.4164890E+00
   1.1326800E-01  -3.4155248E+00  -5.5660802E+00  -6.4164890E+00
   1.1557000E-01  -4.4306931E+00  -3.6490363E+00  -7.6749520E+00
   1.2248000E-01  -5.4145979E+00  -1.9448606E+00  -7.6749520E+00
   1.2137300E-01  -5.4145979E+00  -5.3532101E+00  -7.6749520E+00
   1.2899800E-01  -6.3985045E+00  -3.6490363E+00  -8.1240927E+00
   1.0842000E-01  -2.4083726E+00  -7.4697070E+00   3.1223772E+00
   1.0170000E-01  -8.9840219E-01  -6.1613117E+00   3.1223772E+00
   1.1109700E-01  -2.8974753E+00  -8.5550390E+00   1.3038467E+00
   9.9036000E-02  -1.1245381E+00  -7.7012381E+00   1.3038467E+00
   1.1522300E-01  -2.8974753E+00  -8.5550390E+00  -7.1457154E-01
   1.0083800E-01  -1.1245381E+00  -7.7012381E+00  -7.1457154E-01
   1.1610300E-01  -2.4083726E+00  -7.4697070E+00  -2.5331021E+00
   1.0319100E-01  -8.9840219E-01  -6.1613117E+00  -2.5331021E+00
   1.3212000E-01  -8.6157502E+00  -4.2537524E+00   6.2648971E+00
   1.2282800E-01  -7.6318455E+00  -5.9579262E+00   6.2648971E+00
   1.4242400E-01  -1.0050181E+01  -5.2527390E+00   5.0064341E+00
   1.3026200E-01  -8.9699926E+00  -6.9335445E+00   5.0064341E+00
   1.2050600E-01  -7.1525694E+00  -7.7635329E+00   5.0064341E+00
   1.1601800E-01  -5.1749315E+00  -7.4791915E+00   5.0064341E+00
   1.4433700E-01  -9.4047826E+00  -7.7107227E+00   3.1879035E+00
   1.3015300E-01  -7.6318455E+00  -8.5645235E+00   3.1879035E+00
   1.2167400E-01  -5.6640341E+00  -8.5645235E+00   3.1879035E+00
   1.0743600E-01  -7.4641418E+00   7.6389811E+00   1.1961323E+00
   1.0697300E-01  -7.4641418E+00   7.6389811E+00  -8.2228592E-01
   1.0853400E-01  -7.0293517E+00   6.8618029E+00  -2.6408165E+00
   1.2797900E-01  -8.1095399E+00   5.1809975E+00  -2.6408165E+00
   1.2168100E-01  -6.6751093E+00   4.1820109E+00  -3.8992795E+00
   6.6437000E-02  -1.0308720E+00   7.5681050E+00   5.5771313E+00
   7.7369000E-02  -3.0085099E+00   7.8524464E+00   5.5771313E+00
   8.9600000E-02  -4.8259331E+00   7.0224580E+00   5.5771313E+00
   6.9896000E-02   2.5296250E-01   7.7996361E+00   3.7586007E+00
   9.6319000E-02  -5.2607231E+00   7.7996361E+00   3.7586007E+00
   1.5215500E-01  -1.2727798E+01  -3.9741240E+00   3.9178574E+00
   1.5063600E-01  -1.1743893E+01  -5.6782997E+00   3.9178574E+00
   1.5428800E-01  -1.4162228E+01  -2.9751374E+00   2.6593944E+00
   1.4897700E-01  -1.4162228E+01  -4.9731125E+00   2.6593944E+00
   1.4793600E-01  -1.3082040E+01  -6.6539161E+00   2.6593944E+00
   1.5110200E-01  -1.1264617E+01  -7.4839064E+00   2.6593944E+00
   1.5576100E-01  -1.5181618E+01  -3.9741240E+00   8.4086381E-01
   1.5156500E-01  -1.4743740E+01  -5.8925984E+00   8.4086381E-01
   1.5128200E-01  -1.3516830E+01  -7.4310961E+00   8.4086381E-01
   1.5464700E-01  -1.1743893E+01  -8.2848970E+00   8.4086381E-01
   1.5867000E-01  -1.5324291E+01  -3.2825183E+00   2.9525268E-01
   1.3765900E-01  -1.6758719E+01  -2.2835298E+00  -9.6321034E-01
   1.3554000E-01  -1.6758719E+01  -4.2815049E+00  -9.6321034E-01
   1.3769900E-01  -1.6113321E+01   1.7445383E-01  -2.7817409E+00
   1.2749100E-01  -1.7340231E+01  -1.3640439E+00  -2.7817409E+00
   1.2353700E-01  -1.7778111E+01  -3.2825183E+00  -2.7817409E+00
   1.2451800E-01  -1.7340231E+01  -5.2009927E+00  -2.7817409E+00
   1.2784700E-01  -1.6113321E+01   1.7445383E-01  -4.8001591E+00
   1.2081700E-01  -1.7340231E+01  -1.3640439E+00  -4.8001591E+00
   1.1801800E-01  -1.7778111E+01  -3.2825183E+00  -4.8001591E+00
   1.1922800E-01  -1.7340231E+01  -5.2009927E+00  -4.8001591E+00
   1.2306700E-01  -1.5678533E+01  -6.0272621E-01  -6.6186897E+00
   1.1800300E-01  -1.6758719E+01  -2.2835298E+00  -6.6186897E+00
   1.1787700E-01  -1.6758719E+01  -4.2815049E+00  -6.6186897E+00
   1.2856300E-01  -7.0157003E+00  -3.2919310E+00  -8.5216438E+00
   1.2833400E-01  -7.5785968E+00  -1.3748872E+00  -8.5216438E+00
   1.2796300E-01  -9.0885653E+00  -6.6490009E-02  -8.5216438E+00
   1.2601000E-01  -1.1066205E+01   2.1785139E-01  -8.5216438E+00
   1.2407500E-01  -1.2883628E+01  -6.1213894E-01  -8.5216438E+00
   1.2579500E-01  -9.0885653E+00  -6.5173701E+00  -8.5216438E+00
   1.2715900E-01  -7.5785968E+00  -5.2089749E+00  -8.5216438E+00
   1.1930100E-01  -8.5937633E+00  -3.2919310E+00  -9.7801068E+00
   1.1924800E-01  -9.5776680E+00  -1.5877553E+00  -9.7801068E+00
   1.1798800E-01  -1.1545479E+01  -1.5877553E+00  -9.7801068E+00
   1.1753300E-01  -1.2529386E+01  -3.2919310E+00  -9.7801068E+00
   1.1788100E-01  -1.1545479E+01  -4.9961048E+00  -9.7801068E+00
   1.1833800E-01  -9.5776680E+00  -4.9961048E+00  -9.7801068E+00
   1.1607300E-01  -1.0561575E+01  -3.2919310E+00  -1.0229247E+01
   1.3708000E-01  -1.3832235E+01  -8.7817570E+00  -1.2447795E+00
   1.3951300E-01  -1.2014812E+01  -9.6117473E+00  -1.2447795E+00
   1.2751900E-01  -1.5493933E+01  -8.0204393E+00  -3.0633101E+00
   1.2366000E-01  -1.4267023E+01  -9.5589370E+00  -3.0633101E+00
   1.2503500E-01  -1.2494086E+01  -1.0412738E+01  -3.0633101E+00
   1.3188200E-01  -1.0526275E+01  -1.0412738E+01  -3.0633101E+00
   1.2118800E-01  -1.5493933E+01  -8.0204393E+00  -5.0817283E+00
   1.1755200E-01  -1.4267023E+01  -9.5589370E+00  -5.0817283E+00
   1.1828100E-01  -1.2494086E+01  -1.0412738E+01  -5.0817283E+00
   1.2301200E-01  -1.0526275E+01  -1.0412738E+01  -5.0817283E+00
   1.3278600E-01  -8.7533393E+00  -9.5589370E+00  -5.0817283E+00
   1.1644000E-01  -1.3832235E+01  -8.7817570E+00  -6.9002589E+00
   1.1664300E-01  -1.2014812E+01  -9.6117473E+00  -6.9002589E+00
   1.2150900E-01  -1.0037172E+01  -9.3274059E+00  -6.9002589E+00
   1.3124500E-01  -8.5272033E+00  -8.0190088E+00  -6.9002589E+00
   1.1930500E-01  -1.2494086E+01  -7.8061406E+00  -8.1587219E+00
   1.2269500E-01  -1.0526275E+01  -7.8061406E+00  -8.1587219E+00
   6.7109000E-02   9.3248907E-01   1.2728971E+01   1.1888266E-02
   6.6110000E-02   4.4338452E-01   1.3814303E+01  -1.8066423E+00
   6.6352000E-02  -1.5244268E+00   1.3814303E+01  -1.8066423E+00
   6.9655000E-02  -3.2973640E+00   1.2960502E+01  -1.8066423E+00
   6.6187000E-02   4.4338452E-01   1.3814303E+01  -3.8250605E+00
   6.6218000E-02  -1.5244268E+00   1.3814303E+01  -3.8250605E+00
   6.8904000E-02  -3.2973640E+00   1.2960502E+01  -3.8250605E+00
   6.6943000E-02   9.3248907E-01   1.2728971E+01  -5.6435911E+00
   6.6450000E-02  -1.0451508E+00   1.3013313E+01  -5.6435911E+00
   6.8857000E-02  -2.8625739E+00   1.2183324E+01  -5.6435911E+00
   6.8059000E-02   1.4272911E+00   9.5035322E+00  -6.9020541E+00
   6.7081000E-02   4.4338452E-01   1.1207706E+01  -6.9020541E+00
   6.8061000E-02  -1.5244268E+00   1.1207706E+01  -6.9020541E+00
   6.8533000E-02  -5.4052021E-01   9.5035322E+00  -7.3511947E+00
   8.8428000E-02  -6.4234130E+00   8.6932176E+00  -4.1784393E+00
   1.0194800E-01  -6.8612927E+00   6.7747433E+00  -4.1784393E+00
   1.1372000E-01  -6.4234130E+00   4.8562689E+00  -4.1784393E+00
   7.7561000E-02  -4.7617145E+00   9.4545353E+00  -5.9969698E+00
   8.6650000E-02  -5.8419008E+00   7.7737318E+00  -5.9969698E+00
   9.6324000E-02  -5.8419008E+00   5.7757547E+00  -5.9969698E+00
   9.6896000E-02  -4.7617145E+00   4.0949512E+00  -5.9969698E+00
   8.4257000E-02  -2.9442914E+00   3.2649608E+00  -5.9969698E+00
   7.4954000E-02  -3.4235656E+00   8.4789171E+00  -7.2554329E+00
   8.2491000E-02  -4.4074722E+00   6.7747433E+00  -7.2554329E+00
   8.3175000E-02  -3.4235656E+00   5.0705676E+00  -7.2554329E+00
   7.4329000E-02  -1.4557542E+00   5.0705676E+00  -7.2554329E+00
   7.4932000E-02  -2.4396608E+00   6.7747433E+00  -7.7045735E+00
   7.0176000E-02  -5.6126752E-02   8.1674770E+00   3.9386444E+00
   6.9647000E-02  -1.0400334E+00   9.8716508E+00   3.9386444E+00
   7.6539000E-02  -3.0078447E+00   9.8716508E+00   3.9386444E+00
   6.6601000E-02  -5.5092882E-01   1.1392916E+01   2.6801814E+00
   7.0071000E-02  -2.5285686E+00   1.1677258E+01   2.6801814E+00
   7.7365000E-02  -4.3459918E+00   1.0847269E+01   2.6801814E+00
   8.9742000E-02  -5.4261800E+00   9.1664636E+00   2.6801814E+00
   6.9892000E-02  -3.0078447E+00   1.2478248E+01   8.6165080E-01
   7.5741000E-02  -4.7807800E+00   1.1624447E+01   8.6165080E-01
   8.5972000E-02  -6.0076903E+00   1.0085951E+01   8.6165080E-01
   4.5252000E-02   1.6655871E+01  -7.1277838E+00  -2.6931146E+00
   4.8597000E-02   1.6217991E+01  -5.2093094E+00  -2.6931146E+00
   4.2610000E-02   1.4991081E+01  -1.0584756E+01  -2.6931146E+00
   4.3500000E-02   1.6217991E+01  -9.0462581E+00  -2.6931146E+00
   4.5944000E-02   1.5780112E+01  -7.1277838E+00  -4.5116452E+00
   4.8783000E-02   1.5217217E+01  -5.2107399E+00  -4.5116452E+00
   5.1749000E-02   1.3707248E+01  -3.9023446E+00  -4.5116452E+00
   4.2804000E-02   1.1729609E+01  -1.0637566E+01  -4.5116452E+00
   4.3395000E-02   1.3707248E+01  -1.0353225E+01  -4.5116452E+00
   4.4279000E-02   1.5217217E+01  -9.0448276E+00  -4.5116452E+00
   4.6348000E-02   1.4202050E+01  -7.1277838E+00  -5.7701082E+00
   4.7978000E-02   1.3218144E+01  -5.4236100E+00  -5.7701082E+00
   4.6195000E-02   1.1250332E+01  -5.4236100E+00  -5.7701082E+00
   4.4063000E-02   1.0266428E+01  -7.1277838E+00  -5.7701082E+00
   4.4083000E-02   1.1250332E+01  -8.8319594E+00  -5.7701082E+00
   4.4840000E-02   1.3218144E+01  -8.8319594E+00  -5.7701082E+00
   4.5980000E-02   1.2234239E+01  -7.1277838E+00  -6.2192489E+00
   4.1548000E-02   1.2460999E+01  -6.5929894E+00   6.1433386E+00
   4.2846000E-02   1.4428810E+01  -6.5929894E+00   5.6941998E+00
   4.3428000E-02   1.3444905E+01  -4.8888137E+00   5.6941998E+00
   4.1270000E-02   1.1477094E+01  -4.8888137E+00   5.6941998E+00
   3.8729000E-02   1.0493187E+01  -6.5929894E+00   5.6941998E+00
   3.9931000E-02   1.1477094E+01  -8.2971632E+00   5.6941998E+00
   4.1457000E-02   1.3444905E+01  -8.2971632E+00   5.6941998E+00
   4.3533000E-02   1.6006873E+01  -6.5929894E+00   4.4357368E+00
   4.5193000E-02   1.5443978E+01  -4.6759455E+00   4.4357368E+00
   4.5926000E-02   1.3934008E+01  -3.3675484E+00   4.4357368E+00
   4.1185000E-02   1.3934008E+01  -9.8184285E+00   4.4357368E+00
   4.2121000E-02   1.5443978E+01  -8.5100333E+00   4.4357368E+00
   4.4044000E-02   1.6882631E+01  -6.5929894E+00   2.6172062E+00
   4.6475000E-02   1.6444753E+01  -4.6745150E+00   2.6172062E+00
   4.9724000E-02   1.5217842E+01  -3.1360173E+00   2.6172062E+00
   4.1620000E-02   1.5217842E+01  -1.0049960E+01   2.6172062E+00
   4.2470000E-02   1.6444753E+01  -8.5114619E+00   2.6172062E+00
   4.4982000E-02   1.6882631E+01  -6.5929894E+00   5.9878803E-01
   4.8474000E-02   1.6444753E+01  -4.6745150E+00   5.9878803E-01
   3.7787000E-02   9.1943314E+00  -1.0453369E+01   4.5055622E+00
   3.7663000E-02   7.8561843E+00  -1.1428987E+01   3.2470992E+00
   4.0439000E-02   9.6736075E+00  -1.2258978E+01   3.2470992E+00
   4.0691000E-02   1.1651247E+01  -1.1974634E+01   3.2470992E+00
   3.8870000E-02   7.4213962E+00  -1.2206165E+01   1.4285686E+00
   4.1353000E-02   9.1943314E+00  -1.3059968E+01   1.4285686E+00
   4.1386000E-02   1.1162143E+01  -1.3059968E+01   1.4285686E+00
   4.1179000E-02   1.2935080E+01  -1.2206165E+01   1.4285686E+00
   3.8988000E-02   7.4213962E+00  -1.2206165E+01  -5.8984962E-01
   4.1535000E-02   9.1943314E+00  -1.3059968E+01  -5.8984962E-01
   4.1639000E-02   1.1162143E+01  -1.3059968E+01  -5.8984962E-01
   3.8235000E-02   7.8561843E+00  -1.1428987E+01  -2.4083802E+00
   4.1207000E-02   9.6736075E+00  -1.2258978E+01  -2.4083802E+00
